Source File	Size	loadResources	load	generateSnapshots	load-configure	scan	loadDepInfo	loadInfo	checkR4R4B	generateNarratives	validate	loadLists	checkConformanceResources	checkConformanceResources2	checkConformanceResources3	generateLogicalMaps	validateExpressions	scanForUsageStats	checkURLsUnique	processProvenanceDetails	generate1	generate2	responsesForQuestionnaire	generateLogicals	makeDependencies	generateExampleZip	generateValidationPack	scanProfilesForR5	scanExamplesForR5
/fsh-generated/resources/ImplementationGuide-mitre.fhir.spacehealth.json	223331	-	0	0	1	0	0	0	48	56	0	0	0	0	0	0	0	8	0	0	695	1896	0	1	0	0	44	0	8
fsh-generated/resources/ActivityDefinition-BFRT-Protocol-LowLoad-001.json	646	3	0	0	0	0	0	0	0	10	0	0	0	0	0	0	0	0	0	0	11	96	0	0	0	0	1	0	0
fsh-generated/resources/AdverseEvent-Urinary-Retention-Post-Promethazine.json	1425	4	0	0	1	0	0	0	0	357	0	0	0	0	0	0	0	0	0	0	9	447	0	0	0	0	0	0	0
fsh-generated/resources/CarePlan-ISS-Emergency-Plan-001.json	1246	2	0	0	1	0	0	0	0	2	0	0	0	0	0	0	0	0	0	0	10	62	0	0	0	0	0	0	0
fsh-generated/resources/CarePlan-PersonalizedPlan-001.json	1271	4	0	0	1	0	0	0	0	2	0	0	0	0	0	0	0	0	0	0	10	17	0	0	0	0	0	0	0
fsh-generated/resources/CarePlan-SMS-Prophylaxis-Protocol.json	1538	2	0	0	0	0	0	0	0	3	0	0	0	0	0	0	0	0	0	0	11	23	0	0	0	0	0	0	0
fsh-generated/resources/CodeSystem-actigraphy-metric-cs.json	1079	1	0	0	0	0	1	0	1	4	0	0	1	0	0	0	0	0	0	0	8	321	0	0	0	0	0	0	1
fsh-generated/resources/CodeSystem-aerospace-behavioral-state-cs.json	1978	1	0	0	1	0	0	0	0	3	0	0	0	0	0	0	0	0	0	0	12	34	0	0	0	0	0	0	0
fsh-generated/resources/CodeSystem-aerospace-code-system-enhanced.json	5145	1	0	0	0	0	0	0	0	4	0	0	0	0	0	0	0	0	0	0	21	33	0	0	0	0	1	0	0
fsh-generated/resources/CodeSystem-antiemetic-medication-cs.json	1550	1	0	0	0	0	0	1	0	92	0	0	0	0	0	0	0	0	0	0	10	33	0	0	0	0	0	0	0
fsh-generated/resources/CodeSystem-antiemetic-protocol-cs.json	1283	1	0	0	0	0	0	0	1	3	0	0	0	0	0	0	0	0	0	0	8	30	0	0	0	0	0	0	0
fsh-generated/resources/CodeSystem-antioxidant-biomarker-cs.json	1411	2	0	0	0	0	0	0	0	4	0	0	0	0	0	0	0	0	0	0	8	19	0	0	0	0	1	0	0
fsh-generated/resources/CodeSystem-artemis-certified-devices-cs.json	5613	2	0	0	1	0	0	0	0	3	0	0	0	0	0	0	0	0	0	0	20	26	0	0	0	0	0	0	0
fsh-generated/resources/CodeSystem-artemis-devices-cs.json	18875	2	0	0	1	0	0	0	1	7	0	0	0	0	0	0	0	0	0	0	41	35	0	0	0	0	2	0	2
fsh-generated/resources/CodeSystem-artemis-landing-region-cs.json	7107	1	0	0	0	0	0	0	1	3	0	0	0	0	0	0	0	1	0	0	19	30	0	0	0	0	3	0	1
fsh-generated/resources/CodeSystem-artemis-mission-cs.json	20096	2	0	0	0	0	0	0	1	13	0	0	0	0	0	0	0	0	0	0	36	27	0	0	0	0	2	0	0
fsh-generated/resources/CodeSystem-artemis-prototype-devices-cs.json	3634	2	0	0	1	0	0	0	0	3	0	0	0	0	0	0	0	0	0	0	17	20	0	0	0	0	0	0	0
fsh-generated/resources/CodeSystem-behavioral-biomarker-cs.json	1724	2	0	0	0	0	0	0	0	4	0	0	0	0	0	0	0	0	0	0	10	25	0	0	0	0	0	0	0
fsh-generated/resources/CodeSystem-bfrt-device-type-cs.json	912	1	0	0	0	0	0	0	0	9	0	0	0	0	0	0	0	0	0	0	8	17	0	0	0	0	1	0	0
fsh-generated/resources/CodeSystem-bfrt-outcome-cs.json	1543	1	0	0	1	0	0	0	0	13	0	0	0	0	0	0	0	0	0	0	10	87	0	0	0	0	0	0	1
fsh-generated/resources/CodeSystem-bfrt-protocol-cs.json	1306	2	0	0	0	0	0	0	1	4	0	0	0	0	0	0	0	0	0	0	9	157	0	0	0	0	0	0	0
fsh-generated/resources/CodeSystem-biomanufacturing-process-cs.json	1542	1	0	0	0	0	0	0	0	5	0	0	0	0	0	0	0	0	0	0	9	159	0	0	0	0	0	0	0
fsh-generated/resources/CodeSystem-bliss-output-cs.json	1330	2	0	0	1	0	0	0	0	5	0	0	0	0	0	0	0	0	0	0	8	143	0	0	0	0	1	0	0
fsh-generated/resources/CodeSystem-bone-density-method-cs.json	1081	1	0	0	0	0	0	0	0	2	0	0	0	0	0	0	0	0	0	0	10	163	0	0	0	0	0	0	0
fsh-generated/resources/CodeSystem-calorie-deficit-risk-cs.json	742	1	0	0	0	0	0	0	0	2	0	0	0	0	0	0	0	0	0	0	8	106	0	0	0	0	0	0	1
fsh-generated/resources/CodeSystem-cardiac-monitoring-cs.json	1122	1	0	0	0	0	0	0	0	3	0	0	0	0	0	0	0	0	0	0	8	88	0	0	0	0	0	0	0
fsh-generated/resources/CodeSystem-cgm-device-type-cs.json	990	1	0	0	0	0	0	0	0	2	0	0	0	0	0	0	0	0	0	0	8	134	0	0	0	0	0	0	0
fsh-generated/resources/CodeSystem-cgm-metrics-cs.json	1835	1	0	0	1	0	0	0	0	2	0	0	0	0	0	0	0	0	0	0	10	142	0	0	0	0	0	0	0
fsh-generated/resources/CodeSystem-circadian-assessment-cs.json	1079	1	0	0	0	0	0	0	0	3	0	0	0	0	0	0	0	0	0	0	7	68	0	0	0	0	0	0	0
fsh-generated/resources/CodeSystem-circadian-phase-cs.json	1100	1	0	0	0	0	0	0	1	3	0	0	0	0	0	0	0	0	0	0	8	163	0	0	0	0	0	0	0
fsh-generated/resources/CodeSystem-crewed-mars-missions-cs.json	6542	2	0	0	1	0	0	0	0	3	0	0	0	0	0	0	0	0	0	0	18	96	0	0	0	0	1	0	1
fsh-generated/resources/CodeSystem-dcs-risk-cs.json	1149	1	0	0	0	0	0	0	0	4	0	0	0	0	0	0	0	0	0	0	9	144	0	0	0	0	0	0	0
fsh-generated/resources/CodeSystem-decompression-protocol-cs.json	3837	1	0	0	0	0	0	0	0	9	0	0	0	0	0	0	0	0	0	0	15	179	0	0	0	0	1	0	1
fsh-generated/resources/CodeSystem-diving-medicine-cs.json	5049	1	0	0	1	0	1	0	0	7	0	0	0	0	0	0	0	0	0	0	18	45	0	0	0	0	0	0	0
fsh-generated/resources/CodeSystem-emergency-response-cs.json	1472	1	0	0	0	0	0	0	0	4	0	0	0	0	0	0	0	0	0	0	11	111	0	0	0	0	0	0	0
fsh-generated/resources/CodeSystem-eva-suit-state-cs.json	1248	1	0	0	0	0	0	0	0	5	0	0	0	0	0	0	0	0	0	0	9	145	0	0	0	0	0	0	0
fsh-generated/resources/CodeSystem-expanded-specimen-type-cs.json	1746	2	0	0	0	0	0	0	0	3	0	0	0	0	0	0	0	0	0	0	11	225	0	0	0	0	0	0	1
fsh-generated/resources/CodeSystem-gravity-context-cs.json	1608	1	0	0	0	0	0	0	1	6	0	0	0	0	0	0	0	0	0	0	10	92	0	0	0	0	0	0	0
fsh-generated/resources/CodeSystem-graybiel-severity-cs.json	1215	2	0	0	1	0	0	0	0	6	0	0	0	0	0	0	0	0	0	0	8	85	0	0	0	0	0	0	1
fsh-generated/resources/CodeSystem-hydration-type-cs.json	950	1	0	0	0	0	0	0	0	3	0	0	0	0	0	0	0	0	0	0	8	59	0	0	0	0	1	0	0
fsh-generated/resources/CodeSystem-hyperbaric-capabilities-cs.json	1129	1	0	0	0	0	0	0	0	4	0	0	0	0	0	0	0	0	0	0	8	57	0	0	0	0	0	0	0
fsh-generated/resources/CodeSystem-hyperbaric-chamber-type-cs.json	818	1	0	0	0	0	0	0	0	3	0	0	0	0	0	0	0	0	0	0	8	55	0	0	0	0	0	0	0
fsh-generated/resources/CodeSystem-ijv-flow-grade-cs.json	1127	1	0	0	0	0	0	0	0	2	0	0	0	0	0	0	0	0	0	0	8	46	0	0	0	0	0	0	0
fsh-generated/resources/CodeSystem-immune-biomarker-cs.json	1537	1	0	0	1	0	0	0	0	4	0	0	0	0	0	0	0	0	0	0	9	152	0	0	0	0	0	0	1
fsh-generated/resources/CodeSystem-isolation-syndrome-factor-cs.json	1770	1	0	0	0	0	0	0	0	4	0	0	0	0	0	0	0	0	0	0	10	130	0	0	0	0	0	0	0
fsh-generated/resources/CodeSystem-joint-assessment-cs.json	875	1	0	0	0	0	0	0	0	4	0	0	0	0	0	0	0	0	0	0	8	129	0	0	0	0	0	0	0
fsh-generated/resources/CodeSystem-location-capabilities-cs.json	3192	2	0	0	0	0	0	0	0	3	0	0	0	0	0	0	0	1	0	0	13	139	0	0	0	0	0	0	0
fsh-generated/resources/CodeSystem-macronutrient-metrics-cs.json	1191	1	0	0	1	0	0	0	0	4	0	0	0	0	0	0	0	0	0	0	10	64	0	0	0	0	0	0	0
fsh-generated/resources/CodeSystem-mars-devices-certified-cs.json	3482	1	0	0	1	0	0	0	0	30	0	0	0	0	0	0	0	0	0	0	14	106	0	0	0	0	1	0	0
fsh-generated/resources/CodeSystem-mars-devices-prototype-cs.json	3858	2	0	0	0	0	0	0	1	3	0	0	0	0	0	0	0	0	0	0	15	101	0	0	0	0	0	0	1
fsh-generated/resources/CodeSystem-mars-landing-sites-cs.json	4082	1	0	0	1	0	0	0	0	10	0	0	0	0	0	0	0	0	0	0	16	89	0	0	0	0	0	0	0
fsh-generated/resources/CodeSystem-mars-missions-cs.json	8028	1	0	0	0	0	0	0	0	4	0	0	0	0	0	0	0	0	0	0	19	124	0	0	0	0	0	0	0
fsh-generated/resources/CodeSystem-microbial-contaminant-type-cs.json	1216	1	0	0	0	0	0	0	1	2	0	0	0	0	0	0	0	0	0	0	12	63	0	0	0	0	1	0	0
fsh-generated/resources/CodeSystem-microgravity-countermeasure-cs.json	1477	1	0	0	1	0	0	0	0	4	0	0	0	0	0	0	0	0	0	0	11	134	0	0	0	0	0	0	0
fsh-generated/resources/CodeSystem-mission-phase-cs.json	2019	1	0	0	0	0	0	0	0	4	0	0	0	0	0	0	0	0	0	0	12	159	0	0	0	0	0	0	0
fsh-generated/resources/CodeSystem-mrid-launch-context-name-cs.json	774	1	0	0	1	0	0	0	0	5	0	0	0	0	0	0	0	0	0	0	9	76	0	0	0	0	0	0	0
fsh-generated/resources/CodeSystem-mrid-launch-context-type-cs.json	763	1	0	0	0	0	0	0	0	4	0	0	0	0	0	0	0	0	0	0	8	136	0	0	0	0	0	0	0
fsh-generated/resources/CodeSystem-nasa-data-archive-cs.json	1282	2	0	0	0	0	0	0	0	6	0	0	0	0	0	0	0	0	0	0	12	171	0	0	0	0	0	0	0
fsh-generated/resources/CodeSystem-nasa-medical-facility-cs.json	1791	1	0	0	0	0	0	0	0	2	0	0	0	0	0	0	0	0	0	0	11	79	0	0	0	0	1	0	0
fsh-generated/resources/CodeSystem-nasa-medical-hardware-cs.json	4362	1	0	0	1	0	0	0	0	4	0	0	0	0	0	0	0	0	0	0	18	164	0	0	0	0	0	0	0
fsh-generated/resources/CodeSystem-nasa-medical-roles-cs.json	1890	1	0	0	0	0	0	0	0	2	0	0	0	0	0	0	0	0	0	0	11	136	0	0	0	0	1	0	0
fsh-generated/resources/CodeSystem-nasa-mission-phase-cs.json	1561	1	0	0	0	0	0	0	0	3	0	0	0	0	0	0	0	0	0	0	10	70	0	0	0	0	0	0	0
fsh-generated/resources/CodeSystem-nasa-mrid-discipline-cs.json	2565	1	0	0	0	0	0	0	0	3	0	0	0	0	0	0	0	0	0	0	11	88	0	0	0	0	0	0	0
fsh-generated/resources/CodeSystem-nasa-mrid-sponsor-cs.json	1872	1	0	0	1	0	0	0	1	3	0	0	0	0	0	0	0	0	0	0	9	112	0	0	0	0	0	0	0
fsh-generated/resources/CodeSystem-nasa-schedule-offset-cs.json	3065	2	0	0	0	0	0	0	0	2	0	0	0	0	0	0	0	0	0	0	13	104	0	0	0	0	1	0	0
fsh-generated/resources/CodeSystem-nasa-standard-measures-cs.json	1569	1	0	0	0	0	0	0	0	2	0	0	0	0	0	0	0	0	0	0	9	190	0	0	0	0	0	0	0
fsh-generated/resources/CodeSystem-neutral-buoyancy-training-cs.json	3642	2	0	0	1	0	0	0	0	2	0	0	0	0	0	0	0	0	0	0	30	240	0	0	0	0	1	0	1
fsh-generated/resources/CodeSystem-nutrition-inventory-status-cs.json	958	1	0	0	0	0	0	0	0	2	0	0	0	0	0	0	0	0	0	0	52	23	0	0	0	0	0	0	0
fsh-generated/resources/CodeSystem-operational-status-cs.json	1973	1	0	0	0	0	0	0	0	2	0	0	0	0	0	0	0	0	0	0	27	22	0	0	0	0	0	0	0
fsh-generated/resources/CodeSystem-organ-chip-type-cs.json	1300	1	0	0	0	0	0	0	0	3	0	0	0	0	0	0	0	0	0	0	59	18	0	0	0	0	0	0	0
fsh-generated/resources/CodeSystem-parabolic-flight-phase-cs.json	1067	1	0	0	0	0	0	0	0	3	0	0	0	0	0	0	0	0	0	0	9	16	0	0	0	0	0	0	0
fsh-generated/resources/CodeSystem-planetary-protection-category-cs.json	1523	1	0	0	0	0	0	0	1	3	0	0	0	0	0	0	0	0	0	0	9	16	0	0	0	0	0	0	0
fsh-generated/resources/CodeSystem-psychological-countermeasure-cs.json	2160	1	0	0	1	0	0	0	0	2	0	0	0	0	0	0	0	0	0	0	12	16	0	0	0	0	0	0	0
fsh-generated/resources/CodeSystem-radiation-countermeasures-cs.json	1105	1	0	0	0	0	0	0	0	3	0	0	0	0	0	0	0	0	0	0	8	20	0	0	0	0	1	0	0
fsh-generated/resources/CodeSystem-radiation-detector-type-cs.json	788	1	0	0	0	0	0	0	0	2	0	0	0	0	0	0	0	0	0	0	8	15	0	0	0	0	0	0	0
fsh-generated/resources/CodeSystem-radioprotective-medication-cs.json	1356	1	0	0	1	0	0	0	0	3	0	0	0	0	0	0	0	0	0	0	12	16	0	0	0	0	0	0	0
fsh-generated/resources/CodeSystem-regulatory-compliance-cs.json	3653	1	0	0	0	0	0	0	0	9	0	0	0	0	0	0	0	0	0	0	17	19	0	0	0	0	0	0	0
fsh-generated/resources/CodeSystem-sans-assessment-cs.json	1349	2	0	0	0	0	0	0	0	4	0	0	0	0	0	0	0	0	0	0	8	18	0	0	0	0	0	0	0
fsh-generated/resources/CodeSystem-sleep-architecture-cs.json	1813	1	0	0	0	0	0	0	0	2	0	0	0	0	0	0	0	0	0	0	10	18	0	0	0	0	1	0	0
fsh-generated/resources/CodeSystem-space-adverse-event-cs.json	1504	2	0	0	1	0	0	0	0	5	0	0	0	0	0	0	0	0	0	0	8	16	0	0	0	0	0	0	0
fsh-generated/resources/CodeSystem-space-anemia-cs.json	705	1	0	0	0	0	0	0	0	2	0	0	0	0	0	0	0	0	0	0	7	19	0	0	0	0	0	0	0
fsh-generated/resources/CodeSystem-space-blood-product-cs.json	1091	1	0	0	0	0	0	0	1	3	0	0	0	0	0	0	0	0	0	0	11	16	0	0	0	0	0	0	0
fsh-generated/resources/CodeSystem-space-cardiovascular-effects-cs.json	2117	1	0	0	0	0	0	0	0	3	0	0	0	0	0	0	0	0	0	0	49	19	0	0	0	0	0	0	0
fsh-generated/resources/CodeSystem-space-emergency-type-cs.json	1667	1	0	0	0	0	0	0	0	3	0	0	0	0	0	0	0	0	0	0	12	15	0	0	0	2	1	0	0
fsh-generated/resources/CodeSystem-space-environmental-factors-cs.json	3208	1	0	0	0	0	0	0	0	3	0	0	0	0	0	0	0	0	0	0	13	17	0	0	0	0	0	0	0
fsh-generated/resources/CodeSystem-space-exercise-modality-cs.json	2307	2	0	0	1	0	0	0	0	3	0	0	0	0	0	0	0	0	0	0	12	17	0	0	0	0	0	0	0
fsh-generated/resources/CodeSystem-space-monitoring-procedures-cs.json	2814	1	0	0	0	0	0	0	0	2	0	0	0	0	0	0	0	0	0	0	14	19	0	0	0	0	0	0	1
fsh-generated/resources/CodeSystem-space-motion-sickness-cs.json	1314	1	0	0	1	0	0	0	0	2	0	0	0	0	0	0	0	0	0	0	10	15	0	0	0	0	0	0	0
fsh-generated/resources/CodeSystem-space-neurological-effects-cs.json	2275	1	0	0	0	0	0	0	0	3	0	0	0	0	0	0	0	0	0	0	11	15	0	0	0	0	0	0	0
fsh-generated/resources/CodeSystem-space-nutrition-type-cs.json	1322	1	0	0	0	0	0	0	0	2	0	0	0	0	0	0	0	1	0	0	10	14	0	0	0	0	1	0	0
fsh-generated/resources/CodeSystem-space-omics-type-cs.json	1414	1	0	0	1	0	0	0	0	2	0	0	0	0	0	0	0	0	0	0	9	17	0	0	0	0	0	0	0
fsh-generated/resources/CodeSystem-space-performance-metric-cs.json	2281	3	0	0	0	0	0	0	0	3	0	0	0	0	0	0	0	0	0	0	11	16	0	0	0	0	0	0	0
fsh-generated/resources/CodeSystem-space-physiological-effects-cs.json	3306	2	0	0	0	0	0	0	1	3	0	0	0	0	0	0	0	0	0	0	14	19	0	0	0	0	0	0	0
fsh-generated/resources/CodeSystem-space-pocus-type-cs.json	1343	2	0	0	0	0	0	0	0	2	0	0	1	0	0	0	0	0	0	0	8	14	0	0	0	0	0	0	0
fsh-generated/resources/CodeSystem-space-preventive-health-cs.json	2805	2	0	0	1	0	0	0	0	2	0	0	0	0	0	0	0	0	0	0	13	18	0	0	0	0	1	0	0
fsh-generated/resources/CodeSystem-space-psychological-effects-cs.json	2830	1	0	0	0	0	0	0	0	3	0	0	0	0	0	0	0	0	0	0	12	15	0	0	0	0	0	0	0
fsh-generated/resources/CodeSystem-space-radiation-type-cs.json	743	1	0	0	0	0	0	0	0	1	0	0	0	0	0	0	0	0	0	0	8	20	0	0	0	0	0	0	0
fsh-generated/resources/CodeSystem-space-specimen-type-cs.json	1318	1	0	0	0	0	0	0	0	3	0	0	0	0	0	0	0	0	0	0	9	26	0	1	0	0	1	0	0
fsh-generated/resources/CodeSystem-space-surgical-procedure-cs.json	1394	1	0	0	1	0	0	0	0	3	0	0	0	0	0	0	0	0	0	0	9	19	0	0	0	0	0	0	0
fsh-generated/resources/CodeSystem-space-transfusion-procedure-cs.json	1164	2	0	0	0	0	0	0	0	3	0	0	0	0	0	0	0	0	0	0	8	13	0	0	0	0	0	0	0
fsh-generated/resources/CodeSystem-space-treatment-procedures-cs.json	2968	1	0	0	1	0	0	0	0	6	0	0	0	0	0	0	0	0	0	0	14	15	0	0	0	0	0	0	0
fsh-generated/resources/CodeSystem-space-visual-effects-cs.json	2105	1	0	0	0	0	0	0	0	8	0	0	0	0	0	0	0	0	0	0	12	17	0	0	0	0	1	0	0
fsh-generated/resources/CodeSystem-sterilization-method-cs.json	1242	1	0	0	0	0	0	0	0	2	0	0	0	0	0	0	0	0	0	0	8	14	0	0	0	0	0	0	1
fsh-generated/resources/CodeSystem-suit-provisioning-status-cs.json	1323	2	0	0	1	0	0	0	0	5	0	0	0	0	0	0	0	0	0	0	8	14	0	0	0	0	0	0	0
fsh-generated/resources/CodeSystem-telemedicine-equipment-cs.json	1410	2	0	0	0	0	0	0	0	3	0	0	0	0	0	0	0	0	0	0	8	14	0	0	0	0	0	0	0
fsh-generated/resources/CodeSystem-telemedicine-modality-cs.json	1469	1	0	0	0	0	0	0	1	3	0	0	0	0	0	0	0	0	0	0	8	14	0	0	0	0	0	0	0
fsh-generated/resources/CodeSystem-temperature-measurement-method-cs.json	1557	1	0	0	1	0	0	0	0	4	0	0	0	0	0	0	0	0	0	0	8	14	0	0	0	0	1	0	0
fsh-generated/resources/CodeSystem-underwater-communication-cs.json	3268	1	0	0	0	0	0	0	0	81	0	0	0	0	0	0	0	0	0	0	14	15	0	0	0	0	0	0	0
fsh-generated/resources/Condition-ConditionAsphyxiation.json	488	1	0	0	0	0	0	0	0	1	0	0	0	0	0	0	0	0	0	0	6	28	0	0	0	0	0	0	0
fsh-generated/resources/Condition-ConditionBluntTrauma.json	474	1	0	0	1	0	0	0	0	1	0	0	0	0	0	0	0	0	0	0	6	21	0	0	0	0	0	0	0
fsh-generated/resources/Condition-ConditionBurn.json	480	2	0	0	0	0	0	0	0	0	0	0	0	0	0	0	0	0	0	0	6	11	0	0	0	0	0	0	0
fsh-generated/resources/Condition-ConditionHeartAttack.json	510	1	0	0	0	0	0	0	0	0	0	0	0	0	0	0	0	0	0	0	5	12	0	0	0	0	0	0	0
fsh-generated/resources/Condition-ConditionHypoxia.json	473	1	0	0	0	0	0	0	0	1	0	0	0	0	0	0	0	0	0	0	6	12	0	0	0	0	0	0	0
fsh-generated/resources/Condition-ConditionOccularDegeneration.json	507	1	0	0	1	0	0	0	0	13	0	0	0	0	0	0	0	0	0	0	6	9	0	0	0	0	0	0	0
fsh-generated/resources/Condition-ConditionOsteoporosis.json	483	0	0	0	1	0	0	0	0	5	0	0	0	0	0	0	0	0	0	0	9	11	0	0	0	0	0	0	0
fsh-generated/resources/Condition-ConditionRadiationExposure.json	514	1	0	0	1	0	0	0	0	1	0	0	0	0	0	0	0	0	0	0	5	9	0	0	0	0	0	0	0
fsh-generated/resources/Condition-ConditionSmokeInhalation.json	489	1	0	0	1	0	0	0	0	0	0	0	0	0	0	0	0	0	0	0	6	9	0	0	0	0	0	0	0
fsh-generated/resources/Condition-ConditionStroke.json	490	1	0	0	0	0	0	0	0	3	0	0	0	0	0	0	0	0	0	0	6	9	0	0	0	0	0	0	0
fsh-generated/resources/Condition-Emergency-RapidDepress-001.json	1561	2	0	0	0	0	0	0	0	22	0	0	0	0	0	0	0	0	0	0	7	16	0	0	0	0	0	0	0
fsh-generated/resources/Condition-SMS-Episode-FD2.json	1781	1	0	0	1	0	0	0	0	1	0	0	0	0	0	0	0	0	0	0	8	12	0	0	0	0	0	0	0
fsh-generated/resources/Contract-SpaceTourismTravelInsuranceContract.json	207	1	0	0	0	0	0	0	0	0	0	0	0	0	0	0	0	0	0	0	5	11	0	0	0	0	0	0	0
fsh-generated/resources/Device-AscentEntrySpacesuit.json	374	1	0	0	1	0	0	0	0	1	0	0	0	0	0	0	0	0	0	0	6	16	0	0	0	0	0	0	0
fsh-generated/resources/Device-AstroSpacesuit.json	362	1	0	0	0	0	0	0	0	2	0	0	0	0	0	0	0	0	0	0	6	8	0	0	0	0	0	0	0
fsh-generated/resources/Device-BFRT-Pneumatic-Cuff-001.json	696	1	0	0	0	0	0	0	0	3	0	0	0	0	0	0	0	0	0	0	7	9	0	0	0	0	0	0	0
fsh-generated/resources/Device-Bioreactor-Algae-001.json	1064	1	0	0	0	0	0	0	0	2	0	0	0	0	0	0	0	0	0	0	9	8	0	0	0	0	0	0	0
fsh-generated/resources/Device-Butterfly-iQ3-001.json	630	1	0	0	0	0	0	0	0	2	0	0	0	0	0	0	0	0	0	0	6	8	0	0	0	0	0	0	0
fsh-generated/resources/Device-CGM-Dexcom-G7-001.json	884	1	0	0	1	0	0	0	0	2	0	0	0	0	0	0	0	0	0	0	7	10	0	0	0	0	0	0	0
fsh-generated/resources/Device-CislunarHighwayPatrolSystem.json	397	1	0	0	0	0	0	0	0	0	0	0	0	0	0	0	0	0	0	0	6	8	0	0	0	0	0	0	0
fsh-generated/resources/Device-DeviceAirLock.json	352	1	0	0	0	0	0	0	0	1	0	0	0	0	0	0	0	0	0	0	6	7	0	0	0	0	0	0	0
fsh-generated/resources/Device-DeviceCyberTruck.json	361	1	0	0	1	0	0	0	0	1	0	0	0	0	0	0	0	0	0	0	6	6	0	0	0	0	0	0	0
fsh-generated/resources/Device-DeviceFlightRecorder.json	380	1	0	0	0	0	0	0	0	1	0	0	0	0	0	0	0	0	0	0	5	7	0	0	0	1	0	0	0
fsh-generated/resources/Device-DeviceFlightSuit.json	361	1	0	0	0	0	0	0	0	1	0	0	0	0	0	0	0	0	0	0	6	7	0	0	0	0	0	0	0
fsh-generated/resources/Device-DeviceHospitalBed.json	364	1	0	0	1	0	0	0	0	1	0	0	0	0	0	0	0	0	0	0	6	6	0	0	0	0	0	0	0
fsh-generated/resources/Device-DeviceLunarRover.json	355	1	0	0	0	0	1	0	0	1	0	0	0	0	0	0	0	0	0	0	5	7	0	0	0	0	0	0	0
fsh-generated/resources/Device-DeviceOrbitalReef.json	373	2	0	0	0	0	0	0	0	1	0	0	0	0	0	0	0	0	0	0	6	6	0	0	0	0	0	0	0
fsh-generated/resources/Device-DeviceRadiotelescope.json	386	1	0	0	0	0	0	0	0	0	0	0	0	0	0	0	0	0	0	0	7	7	0	0	0	0	0	0	0
fsh-generated/resources/Device-DeviceSmartClothing.json	379	1	0	0	0	0	0	0	0	1	0	0	0	0	0	0	0	0	0	0	7	7	0	0	0	0	0	0	0
fsh-generated/resources/Device-DeviceSpaceGarage.json	358	1	0	0	0	0	0	0	0	1	0	0	0	0	0	0	0	0	0	0	5	7	0	0	0	0	0	0	0
fsh-generated/resources/Device-DeviceSpaceSuit.json	358	2	0	0	0	0	0	0	0	0	0	0	0	0	0	0	0	0	0	0	6	6	0	0	0	0	0	0	0
fsh-generated/resources/Device-DeviceSpaceTent.json	352	1	0	0	2	0	0	0	0	0	0	0	0	0	0	0	0	0	0	0	6	7	0	0	0	0	0	0	0
fsh-generated/resources/Device-DeviceTelehealthMonitor.json	382	1	0	0	0	0	0	0	1	1	0	0	0	0	0	0	0	0	0	0	7	6	0	0	0	0	0	0	0
fsh-generated/resources/Device-DeviceVitalSignsMonitor.json	384	2	0	0	1	0	0	0	0	2	0	0	0	0	0	0	0	0	0	0	7	11	0	0	0	0	0	0	0
fsh-generated/resources/Device-DreamChaserVehicle.json	360	1	0	0	0	0	0	0	0	1	0	0	0	0	0	0	0	0	0	0	6	9	0	0	0	0	0	0	1
fsh-generated/resources/Device-ISRU-Plant-Jezero-1.json	464	1	0	0	1	0	0	0	0	0	0	0	0	0	0	0	0	0	0	0	7	7	0	0	0	0	0	0	0
fsh-generated/resources/Device-ISS-T2-Treadmill.json	350	2	0	0	1	0	0	0	0	1	0	0	0	0	0	0	0	0	0	0	6	8	0	0	0	0	0	0	0
fsh-generated/resources/Device-JamesWebTelescope.json	369	1	0	0	0	0	0	0	0	0	0	0	0	0	0	0	0	0	0	0	7	7	0	0	0	0	0	0	0
fsh-generated/resources/Device-LBNP-Chamber-001.json	1114	1	0	0	1	0	0	0	0	1	0	0	0	0	0	0	0	0	0	0	7	7	0	0	0	0	0	0	0
fsh-generated/resources/Device-NeutralBuoyancyFacilityEquipment.json	395	2	0	0	0	0	0	0	0	0	0	0	0	0	0	0	0	0	0	0	6	8	0	0	0	0	0	0	0
fsh-generated/resources/Device-ScubaDivingEquipment.json	370	1	0	0	0	0	0	0	0	0	0	0	0	0	0	0	0	0	0	0	5	7	0	0	0	0	0	0	0
fsh-generated/resources/Device-Starship-HLS-Artemis-III.json	447	1	0	0	0	0	0	0	0	1	0	0	0	0	0	0	0	0	0	0	6	6	0	0	0	0	0	0	0
fsh-generated/resources/Device-Telemedicine-LunarTerminal-001.json	660	1	0	0	1	0	0	0	0	0	0	0	0	0	0	0	0	0	0	0	6	8	0	0	0	0	0	0	0
fsh-generated/resources/Device-xEMU-Suit-001.json	453	1	0	0	0	0	0	0	0	0	0	0	0	0	0	0	0	0	0	0	6	8	0	0	0	0	0	0	0
fsh-generated/resources/Device-xEMUSpacesuit.json	359	1	0	0	0	0	0	0	0	1	0	0	0	0	0	0	0	0	0	0	5	12	0	0	0	0	0	0	0
fsh-generated/resources/Device-xEVASSpacesuit.json	361	2	0	0	0	0	0	0	0	0	0	0	0	0	0	0	0	0	0	0	6	17	0	0	0	0	0	0	0
fsh-generated/resources/DeviceDefinition-xEVAS-LunarSuit-Def-001.json	1453	1	0	0	2	0	0	0	0	2	0	0	0	0	0	0	0	0	0	0	8	22	0	0	0	0	0	0	0
fsh-generated/resources/DiagnosticReport-CGM-Summary-14Day.json	1068	1	0	0	0	0	0	0	0	2	0	0	0	0	0	0	0	0	0	0	9	18	0	0	0	0	0	0	0
fsh-generated/resources/Encounter-Artemis-III-Mission.json	342	1	0	0	0	0	0	0	0	8	0	0	0	0	0	0	0	0	0	0	5	19	0	0	0	0	0	0	0
fsh-generated/resources/Encounter-Emergency-Appendicitis-Sol189.json	1804	2	0	0	0	0	0	0	0	15	0	0	0	0	0	0	0	0	0	0	9	18	0	0	0	0	0	0	0
fsh-generated/resources/Encounter-ISS-Exp75-InFlight.json	341	1	0	0	0	0	0	0	0	3	0	0	0	0	0	0	0	0	0	0	5	9	0	0	0	0	0	0	0
fsh-generated/resources/Encounter-MarsDirectMission2040.json	463	1	0	0	1	0	0	0	0	1	0	0	0	0	0	0	0	0	0	0	6	12	0	0	0	0	0	0	0
fsh-generated/resources/Encounter-Telemedicine-StoreForward-001.json	1218	1	0	0	0	0	0	0	0	1	0	0	0	0	0	0	0	0	0	0	7	11	0	0	0	0	0	0	0
fsh-generated/resources/InsurancePlan-SpaceTourismTravelInsurance.json	196	1	0	0	0	0	0	0	0	0	0	0	0	0	0	0	0	0	0	0	5	10	0	0	0	0	0	0	0
fsh-generated/resources/Location-AquariusUnderwaterLaboratory.json	298	2	0	0	0	0	0	0	0	1	0	0	0	0	0	0	0	0	0	0	5	13	0	0	0	0	0	0	0
fsh-generated/resources/Location-ArtemisBaseCampHabitat.json	297	0	0	0	0	0	0	0	0	0	0	0	0	0	0	0	0	0	0	0	6	7	0	0	0	0	0	0	0
fsh-generated/resources/Location-Biosphere2UnderseaHabitat.json	278	1	0	0	0	0	0	0	0	0	0	0	0	0	0	0	0	0	0	0	5	7	0	0	0	0	0	0	0
fsh-generated/resources/Location-BlueOriginWestTexas.json	260	1	0	0	0	0	0	0	0	0	0	0	0	0	0	0	0	0	0	0	5	6	0	0	0	0	0	0	0
fsh-generated/resources/Location-BrooksAerospaceMedicine.json	292	2	0	0	1	0	1	0	0	1	0	0	0	0	0	0	0	0	0	0	5	8	0	0	0	0	0	0	0
fsh-generated/resources/Location-BrooksAltitudeChamber.json	271	1	0	0	0	0	0	0	0	0	0	0	0	0	0	0	0	0	0	0	5	7	0	0	0	0	0	0	0
fsh-generated/resources/Location-CHESAUnderseaLaboratory.json	307	1	0	0	0	0	0	0	0	1	0	0	0	0	0	0	0	0	0	0	6	9	0	0	0	0	0	0	0
fsh-generated/resources/Location-CSADavidFloridaLaboratory.json	390	1	0	0	0	0	0	0	0	0	0	0	0	0	0	0	0	0	0	0	6	7	0	0	0	0	0	0	0
fsh-generated/resources/Location-CSALifeSciencesResearch.json	275	1	0	0	0	0	0	0	0	0	0	0	0	0	0	0	0	0	0	0	5	8	0	0	0	0	0	0	0
fsh-generated/resources/Location-CrewDragonEndeavour.json	290	1	0	0	0	0	0	0	0	0	0	0	0	0	0	0	0	0	0	0	6	7	0	0	0	0	0	0	0
fsh-generated/resources/Location-CrewDragonResilience.json	296	1	0	0	0	0	0	0	0	0	0	0	0	0	0	0	0	0	0	0	5	6	0	0	0	0	0	0	0
fsh-generated/resources/Location-DLRAerospaceMedicine.json	264	1	0	0	0	0	0	0	0	0	0	0	0	0	0	0	0	0	0	0	5	55	0	0	0	0	0	0	0
fsh-generated/resources/Location-ESACentrfugeCologne.json	238	1	0	0	0	0	0	0	0	0	0	0	0	0	0	0	0	0	0	0	5	9	0	0	0	0	0	0	0
fsh-generated/resources/Location-EarthMoonL4L5Stations.json	310	1	0	0	1	0	0	0	0	0	0	0	0	0	0	0	0	0	0	0	6	18	0	0	0	0	0	0	0
fsh-generated/resources/Location-EdwardsAirForceBase.json	267	1	0	0	0	0	0	0	0	0	0	0	0	0	0	0	0	0	0	0	5	45	0	0	0	0	0	0	0
fsh-generated/resources/Location-EuropeanAstronautCentreNBL.json	394	1	0	0	0	0	0	0	0	1	0	0	0	0	0	0	0	0	0	0	6	32	0	0	0	1	0	0	0
fsh-generated/resources/Location-ExampleHyperbaricChamber.json	777	1	0	0	1	0	0	0	0	0	0	0	0	0	0	0	0	0	0	0	6	48	0	0	0	0	0	0	0
fsh-generated/resources/Location-Gateway-HALO-Module.json	1204	1	0	0	0	0	0	0	0	13	0	0	0	0	0	0	0	0	0	0	7	11	0	0	0	0	0	1	0
fsh-generated/resources/Location-HyperbaricChamberFacility.json	179	1	0	0	0	0	0	0	0	1	0	0	0	0	0	0	0	0	0	0	5	7	0	0	0	0	0	0	0
fsh-generated/resources/Location-InternationalSpaceStationColumbus.json	302	2	0	0	0	0	0	0	0	0	0	0	0	0	0	0	0	0	0	0	5	7	0	0	0	0	0	0	0
fsh-generated/resources/Location-InternationalSpaceStationCupola.json	320	1	0	0	1	0	0	0	0	0	0	0	0	0	0	0	0	1	0	0	6	8	0	0	0	0	0	0	0
fsh-generated/resources/Location-InternationalSpaceStationDestiny.json	289	1	0	0	0	0	0	0	0	0	0	0	0	0	0	0	0	0	0	0	5	8	0	0	0	0	0	0	0
fsh-generated/resources/Location-InternationalSpaceStationKibo.json	303	1	0	0	0	0	0	0	0	0	0	0	0	0	0	0	0	0	0	0	6	9	0	0	0	0	0	0	0
fsh-generated/resources/Location-InternationalSpaceStationUnity.json	303	1	0	0	0	0	0	0	0	0	0	0	0	0	0	0	0	0	0	0	5	8	0	0	0	0	0	0	0
fsh-generated/resources/Location-InternationalSpaceStationZvezda.json	317	1	0	0	0	0	0	0	0	0	0	0	0	0	0	0	0	0	0	0	6	9	0	0	0	0	0	0	0
fsh-generated/resources/Location-JAXASpaceBiomedicalResearch.json	269	0	0	0	1	0	0	0	0	0	0	0	0	0	0	0	0	0	0	0	5	11	0	0	0	0	0	0	0
fsh-generated/resources/Location-JamesWebbSpaceTelescope.json	294	1	0	0	0	0	0	0	0	0	0	0	0	0	0	0	0	0	0	0	5	8	0	0	0	0	0	0	0
fsh-generated/resources/Location-KSCMedicalFacility.json	269	1	0	0	0	0	0	0	0	1	0	0	0	0	0	0	0	0	0	0	5	8	0	0	0	0	0	0	0
fsh-generated/resources/Location-KennedySpaceCenter.json	226	1	0	0	0	0	0	0	0	0	0	0	0	0	0	0	0	0	0	0	5	7	0	0	0	0	0	0	0
fsh-generated/resources/Location-LabToOrbit.json	210	1	0	0	0	0	0	0	1	0	0	0	0	0	0	0	0	0	0	0	7	7	0	0	0	0	0	0	0
fsh-generated/resources/Location-LegangePoint2.json	217	1	0	0	0	0	0	0	0	0	0	0	0	0	0	0	0	0	0	0	6	8	0	0	0	0	0	0	0
fsh-generated/resources/Location-LocationAirlock1.json	94	19	0	0	1	0	0	0	0	0	0	0	0	0	0	0	0	0	0	0	4	6	0	0	0	2	0	0	0
fsh-generated/resources/Location-LocationArtemisSpaceCamp.json	230	1	0	0	0	0	0	0	0	0	0	0	0	0	0	0	0	0	0	0	13	7	0	0	0	0	0	0	0
fsh-generated/resources/Location-LocationBiosphere2.json	98	1	0	0	0	0	0	0	0	0	0	0	0	0	0	0	0	0	0	0	5	7	0	0	0	0	0	0	0
fsh-generated/resources/Location-LocationCrater0.json	91	1	0	0	1	0	0	0	0	0	0	0	0	0	0	0	0	0	0	0	5	6	0	0	0	0	0	0	0
fsh-generated/resources/Location-LocationCrater1.json	95	2	0	0	0	0	0	0	0	0	0	0	0	0	0	0	0	0	0	0	4	9	0	0	0	0	0	0	0
fsh-generated/resources/Location-LocationCrater2.json	101	1	0	0	0	0	0	0	0	0	0	0	0	0	0	0	0	0	0	0	5	8	0	0	0	0	0	0	0
fsh-generated/resources/Location-LocationCrater3.json	99	1	0	0	0	0	0	0	0	0	0	0	0	0	0	0	0	0	0	0	5	8	0	0	0	0	0	0	0
fsh-generated/resources/Location-LocationCyberTruck.json	99	1	0	0	1	0	0	0	0	0	0	0	0	0	0	0	0	0	0	0	5	7	0	0	0	0	0	0	1
fsh-generated/resources/Location-LocationDragon.json	98	1	0	0	0	0	0	0	0	1	0	0	0	0	0	0	0	0	0	0	28	7	0	0	0	0	0	0	0
fsh-generated/resources/Location-LocationIcuBed.json	91	1	0	0	0	0	0	0	0	0	0	0	0	0	0	0	0	0	0	0	50	7	0	0	0	0	0	0	0
fsh-generated/resources/Location-LocationIcuWard.json	93	1	0	0	0	0	0	0	0	2	0	0	0	0	0	0	0	0	0	0	68	6	0	0	0	1	0	0	0
fsh-generated/resources/Location-LocationInternationalSpaceStation.json	224	1	0	0	0	0	0	0	0	0	0	0	0	0	0	0	0	0	0	0	42	6	0	0	0	0	0	0	0
fsh-generated/resources/Location-LocationLunarBuggy.json	98	1	0	0	1	0	0	0	0	0	0	0	0	0	0	0	0	0	0	0	16	7	0	0	0	0	0	0	0
fsh-generated/resources/Location-LocationLunarGateway.json	215	1	0	0	0	0	0	0	0	0	0	0	0	0	0	0	0	0	0	0	20	6	0	0	0	0	0	0	0
fsh-generated/resources/Location-LocationLunarTent1.json	100	1	0	0	0	0	0	0	0	0	0	0	0	0	0	0	0	0	0	0	20	6	0	0	0	0	0	0	0
fsh-generated/resources/Location-LocationLunarVillage.json	221	1	0	0	0	0	0	0	0	0	0	0	0	0	0	0	0	0	0	0	28	7	0	0	0	0	0	0	0
fsh-generated/resources/Location-LocationMirSpaceStation.json	214	1	0	0	1	0	0	0	0	0	0	0	0	0	0	0	0	0	0	0	41	7	0	0	0	0	0	0	0
fsh-generated/resources/Location-LocationOrbitalReefSpaceStation.json	231	1	0	0	0	0	0	0	0	0	0	0	0	0	0	0	0	0	0	0	25	6	0	0	0	0	0	0	0
fsh-generated/resources/Location-LocationSoyez.json	96	1	0	0	0	0	0	0	0	0	0	0	0	0	0	0	0	0	0	0	49	7	0	0	0	0	0	0	0
fsh-generated/resources/Location-LocationSpaceGarage.json	101	1	0	0	1	0	0	0	0	0	0	0	0	0	0	0	0	0	0	0	29	8	0	0	0	1	0	0	0
fsh-generated/resources/Location-LocationSpaceLabSpaceStation.json	225	1	0	0	0	0	0	0	0	0	0	0	0	0	0	0	0	0	0	0	44	19	0	0	0	0	0	0	0
fsh-generated/resources/Location-LocationTaingong.json	221	1	0	0	0	0	0	0	0	1	0	0	0	0	0	0	0	0	0	0	40	9	0	0	0	0	0	0	0
fsh-generated/resources/Location-LunarGatewayHALO.json	325	1	0	0	0	0	0	0	0	0	0	0	0	0	0	0	0	0	0	0	9	7	0	0	0	0	0	0	0
fsh-generated/resources/Location-LunarGatewayPPE.json	313	1	0	0	0	0	0	0	0	0	0	0	0	0	0	0	0	0	0	0	82	12	0	0	0	1	0	0	0
fsh-generated/resources/Location-LunarSouthPoleBases.json	311	1	0	0	0	0	0	0	0	0	0	0	0	0	0	0	0	0	0	0	44	8	0	0	0	0	0	0	0
fsh-generated/resources/Location-Malapert-Massif-Landing-Site.json	1161	1	0	0	0	0	0	0	0	3	0	0	0	0	0	0	0	0	0	0	32	11	0	0	0	0	0	0	0
fsh-generated/resources/Location-MarsAscentVehicle.json	280	1	0	0	0	0	0	0	0	0	0	0	0	0	0	0	0	0	0	0	23	6	0	0	0	0	0	0	0
fsh-generated/resources/Location-MarsBaseAlpha.json	266	1	0	0	1	0	0	0	0	1	0	0	0	0	0	0	0	0	0	0	18	7	0	0	0	0	0	0	0
fsh-generated/resources/Location-MarsHabitat-Jezero.json	625	1	0	0	0	0	0	0	0	0	0	0	0	0	0	0	0	0	0	0	20	7	0	0	0	0	0	0	0
fsh-generated/resources/Location-MarsTransitVehicle.json	285	1	0	0	1	0	0	0	0	0	0	0	0	0	0	0	0	0	0	0	30	6	0	0	0	0	0	0	0
fsh-generated/resources/Location-MayoAerospaceMedicine.json	264	2	0	0	0	0	0	0	0	0	0	0	0	0	0	0	0	0	0	0	27	6	0	0	0	0	0	0	0
fsh-generated/resources/Location-NASAAmesResearchCenter.json	274	1	0	0	0	0	0	0	0	0	0	0	0	0	0	0	0	0	0	0	29	10	0	0	0	0	0	0	0
fsh-generated/resources/Location-NASAHyperbaricFacility.json	708	1	0	0	1	0	0	0	0	12	0	0	0	0	0	0	0	0	0	0	51	7	0	0	0	0	0	0	0
fsh-generated/resources/Location-NASANeutralBuoyancyLaboratory.json	488	1	0	0	0	0	0	0	0	0	0	0	0	0	0	0	0	0	0	0	76	7	0	0	0	0	0	0	0
fsh-generated/resources/Location-NASCOMRussianCentrifuge.json	232	1	0	0	1	0	0	0	0	0	0	0	0	0	0	0	0	0	0	0	61	7	0	0	0	0	0	0	0
fsh-generated/resources/Location-NavalMedicalResearchUnit.json	273	1	0	0	0	0	0	0	0	0	0	0	0	0	0	0	0	0	0	0	13	6	0	0	0	0	0	0	0
fsh-generated/resources/Location-PatuxentRiverNavalAirStation.json	276	2	0	0	2	0	0	0	0	1	0	0	0	0	0	0	0	0	0	0	9	6	0	0	0	0	0	0	0
fsh-generated/resources/Location-ShackletonCraterBase.json	304	1	0	0	1	0	0	0	0	0	0	0	0	0	0	0	0	0	0	0	6	7	0	0	0	0	0	0	0
fsh-generated/resources/Location-SoyuzMS.json	260	1	0	0	0	0	0	0	0	0	0	0	0	0	0	0	0	0	0	0	6	6	0	0	0	0	0	0	0
fsh-generated/resources/Location-SpaceXBocaChica.json	240	1	0	0	1	0	0	0	0	0	0	0	0	0	0	0	0	0	0	0	5	6	0	0	0	0	0	0	0
fsh-generated/resources/Location-SpaceXHawthorneFactory.json	265	1	0	0	1	0	0	0	0	0	0	0	0	0	0	0	0	0	0	0	5	8	0	0	0	0	0	0	0
fsh-generated/resources/Location-StarlinerCalypso.json	284	1	0	0	0	0	0	0	0	1	0	0	0	0	0	0	1	0	0	0	6	8	0	0	0	0	0	0	0
fsh-generated/resources/Location-SunEarthL1Station.json	296	1	0	0	2	0	0	0	0	0	0	0	0	0	0	0	0	0	0	0	6	7	0	0	0	0	0	0	0
fsh-generated/resources/Location-UTMBAerospaceResearch.json	276	1	0	0	1	0	0	0	0	1	0	0	0	0	0	0	0	0	0	0	5	6	0	0	0	1	0	0	0
fsh-generated/resources/Location-UniversityOfPennsylvaniaHyperbaric.json	293	1	0	0	1	0	0	0	0	1	0	0	0	0	0	0	0	0	0	0	5	8	0	0	0	0	0	0	0
fsh-generated/resources/Location-VirginGalacticSpaceport.json	260	2	0	0	1	0	0	0	0	1	0	0	0	0	0	0	0	0	0	0	7	6	0	0	0	0	0	0	0
fsh-generated/resources/Location-WrightPattersonAerospaceResearch.json	292	1	0	0	2	0	0	0	0	0	0	0	0	0	0	0	0	0	0	0	7	7	0	0	0	0	0	0	0
fsh-generated/resources/Location-YuriGagarinCosmonautTrainingCenter.json	382	3	0	0	1	0	0	0	0	1	0	0	0	0	0	0	0	0	0	0	7	6	0	0	0	0	0	0	0
fsh-generated/resources/MedicationAdministration-Promethazine-IM-Rescue.json	1585	4	0	0	1	0	0	0	0	3	0	0	0	0	0	0	0	0	0	0	17	16	0	0	0	0	0	0	0
fsh-generated/resources/Observation-ARCHeR-Actigraphy-FD5.json	2627	4	0	0	0	0	0	0	0	3	0	0	0	0	0	0	0	0	0	0	10	21	0	0	0	0	0	0	0
fsh-generated/resources/Observation-Artemis-III-EVA1-Radiation.json	1893	4	0	0	1	0	1	0	0	829	0	0	0	0	0	0	0	0	0	0	9	15	0	0	0	0	0	0	0
fsh-generated/resources/Observation-Artemis-III-Translunar-Radiation.json	1926	2	0	0	0	0	0	0	0	508	0	0	0	0	0	0	0	0	0	0	8	10	0	0	0	1	0	0	0
fsh-generated/resources/Observation-BFRT-Quadriceps-CSA-001.json	1913	2	0	0	0	0	0	0	0	8	0	0	0	0	0	0	0	0	0	0	9	9	0	0	0	0	0	0	0
fsh-generated/resources/Observation-BLiSS-O2-Production-001.json	1591	2	0	0	1	0	0	0	0	8	0	0	0	0	0	0	0	0	0	0	8	9	0	0	0	0	0	0	0
fsh-generated/resources/Observation-Body-Temp-FD30-Morning.json	2500	1	0	0	1	0	0	0	1	2	0	0	0	0	0	0	0	0	0	0	9	10	0	0	0	0	0	0	0
fsh-generated/resources/Observation-CGM-Reading-FD15.json	3068	2	0	0	1	0	0	0	0	15	0	0	0	0	0	0	0	0	0	0	11	15	0	0	0	0	0	0	0
fsh-generated/resources/Observation-ExampleDiveProfile.json	1464	1	0	0	1	0	0	0	0	4	0	0	0	0	0	0	0	0	0	0	7	11	0	0	0	0	0	0	0
fsh-generated/resources/Observation-FDI-Components-001.json	3200	2	0	0	0	0	0	0	0	34	0	0	0	0	0	0	0	0	0	0	10	10	0	0	0	0	0	0	0
fsh-generated/resources/Observation-HabitatEnvironment-Sol125.json	1707	2	0	0	0	0	0	0	0	29	0	0	0	0	0	0	0	0	0	0	9	9	0	0	0	0	0	0	0
fsh-generated/resources/Observation-IJV-Flow-During-LBNP-001.json	2251	1	0	0	1	0	0	0	0	1	0	0	0	0	0	0	0	0	0	0	9	9	0	0	0	0	0	0	0
fsh-generated/resources/Observation-ISRU-Production-Sol210.json	1701	1	0	0	2	0	0	0	0	1153	0	0	0	0	0	0	0	0	0	0	8	9	0	0	0	0	0	0	1
fsh-generated/resources/Observation-ISS-AnxietyAssessment-PreEVA.json	1233	3	0	0	0	0	0	0	0	18	0	0	0	0	0	0	0	0	0	0	11	8	0	0	0	0	0	0	0
fsh-generated/resources/Observation-ISS-CognitiveReadiness-PostAnomaly.json	874	1	0	0	0	0	0	0	0	4	0	0	0	0	0	0	0	0	0	0	7	8	0	0	0	1	0	0	0
fsh-generated/resources/Observation-ISS-EVS-MinPerWeek-2025W23.json	1339	1	0	0	1	0	0	0	0	2	0	0	0	0	0	0	0	0	0	0	12	11	0	0	0	0	0	0	0
fsh-generated/resources/Observation-ISS-IsolationFactor-CircadianDrift.json	761	2	0	0	1	0	0	0	0	3	0	0	0	0	0	0	0	0	0	0	7	8	0	0	0	0	0	0	0
fsh-generated/resources/Observation-ISS-IsolationFactor-Confinement.json	750	1	0	0	3	0	0	0	0	1	0	0	0	0	0	0	0	0	0	0	7	9	0	0	0	0	0	0	0
fsh-generated/resources/Observation-ISS-IsolationFactor-InterpersonalFriction.json	782	1	0	0	1	0	0	0	0	2	0	0	0	0	0	0	0	0	0	0	10	8	0	0	0	0	0	0	0
fsh-generated/resources/Observation-ISS-MoodAssessment-Week12.json	1611	1	0	0	2	0	0	0	0	2	0	0	0	0	0	0	0	0	0	0	9	23	0	0	0	0	0	0	0
fsh-generated/resources/Observation-ISS-StressBurden-Day180.json	911	1	0	0	2	0	0	0	0	1	0	0	0	0	0	0	0	0	0	0	15	18	0	0	1	0	0	0	0
fsh-generated/resources/Observation-ISS-StressBurden-Day90.json	2005	1	0	0	1	0	0	0	0	3	0	0	0	0	0	0	0	0	0	0	10	13	0	0	0	0	0	0	0
fsh-generated/resources/Observation-ISS-T2-Run-Duration-001.json	1048	1	0	0	2	0	0	0	0	2	0	0	0	0	0	0	0	0	0	0	16	39	0	0	0	0	0	0	0
fsh-generated/resources/Observation-ISS-T2-Run-Group-001.json	1714	1	0	0	2	0	0	0	1	3	0	0	0	0	0	0	0	0	0	0	8	21	0	0	0	0	0	0	0
fsh-generated/resources/Observation-ISS-T2-Run-MeanHR-001.json	979	1	0	0	1	0	0	0	0	1	0	0	0	0	0	0	0	0	0	0	7	19	0	0	0	1	0	0	0
fsh-generated/resources/Observation-ISS-T2-Run-Type-001.json	1045	1	0	0	0	0	2	0	0	1	0	0	0	0	0	0	0	0	0	0	9	10	0	0	0	0	0	0	0
fsh-generated/resources/Observation-Immune-Panel-PreFlight.json	3342	3	0	0	2	0	9	0	0	1	0	0	0	0	0	0	0	0	0	0	12	40	0	0	0	0	0	0	0
fsh-generated/resources/Observation-Metabolomics-Observation-001.json	1965	1	0	0	1	0	0	0	0	0	0	0	0	0	0	0	0	0	0	0	15	23	0	0	0	0	0	0	0
fsh-generated/resources/Observation-MicrobialAssay-SurfaceSwab-001.json	1746	1	0	0	2	0	0	0	0	1	0	0	0	0	0	0	0	0	0	0	9	8	0	0	0	0	0	0	0
fsh-generated/resources/Observation-Observation.Environmental-1.json	392	1	0	0	1	0	0	0	0	0	0	0	0	0	0	0	0	0	0	0	8	8	0	0	0	0	0	0	0
fsh-generated/resources/Observation-Observation.Kepler.ECI.1.json	2028	1	0	0	0	0	0	0	0	0	0	0	0	0	0	0	0	0	0	0	11	11	0	0	0	0	0	0	0
fsh-generated/resources/Observation-Standard-Measures-Grip-PreFlight.json	1581	2	0	0	1	0	0	0	0	1	0	0	0	0	0	0	0	0	0	0	10	12	0	0	0	0	0	0	0
fsh-generated/resources/Observation-SuitRedundancy-Assessment-001.json	1466	1	0	0	0	0	0	0	0	0	0	0	0	0	0	0	0	0	0	0	9	6	0	0	0	0	0	0	0
fsh-generated/resources/Organization-AxiomSpace.json	84	1	0	0	1	0	0	0	0	1	0	0	0	0	0	0	0	0	0	0	5	8	0	1	0	1	0	0	0
fsh-generated/resources/Organization-CollinsAerospace.json	96	1	0	0	0	0	0	0	0	0	0	0	0	0	0	0	0	0	0	0	6	6	0	0	0	0	0	0	1
fsh-generated/resources/Organization-GlennResearchCenter.json	103	1	0	0	0	0	0	0	0	0	0	0	0	0	0	0	0	0	0	0	5	6	0	0	0	0	0	0	0
fsh-generated/resources/Organization-IlcDover.json	80	1	0	0	0	0	0	0	0	0	0	0	0	0	0	0	0	0	0	0	4	6	0	0	0	1	0	0	0
fsh-generated/resources/Organization-NASA.json	71	1	0	0	1	0	0	0	0	0	0	0	0	1	0	0	0	0	0	0	5	6	0	0	0	0	0	0	0
fsh-generated/resources/Organization-Oceaneering.json	85	1	0	0	0	0	0	0	0	0	0	0	0	0	0	0	0	0	0	0	5	6	0	0	0	0	0	0	0
fsh-generated/resources/Organization-PineParkEngineering.json	103	1	0	0	1	0	0	0	0	0	0	0	0	0	0	0	0	0	0	0	5	6	0	0	0	0	0	0	0
fsh-generated/resources/Organization-SieraSpace.json	85	2	0	0	0	0	0	0	0	0	0	0	0	0	0	0	0	0	0	0	5	7	0	0	0	0	0	0	0
fsh-generated/resources/Organization-SpaceForce.json	197	1	0	0	0	0	0	0	0	0	0	0	0	0	0	0	0	0	0	0	6	6	0	0	0	0	0	0	0
fsh-generated/resources/Organization-StarHarborAcademy.json	99	1	0	0	1	0	0	0	0	0	0	0	0	0	0	0	0	0	0	0	5	6	0	0	0	0	0	0	0
fsh-generated/resources/Organization-TRISH.json	73	1	0	0	0	0	0	0	0	0	0	0	0	0	0	0	0	0	0	0	7	9	0	0	0	0	0	0	0
fsh-generated/resources/Organization-UsDepartmentOfCommerce.json	107	1	0	0	0	0	0	0	0	0	0	0	0	0	0	0	0	0	0	0	5	7	0	0	0	0	0	0	0
fsh-generated/resources/Organization-UsDeptOfDefence.json	93	1	0	0	1	0	0	0	0	1	0	0	0	0	0	0	0	0	0	0	5	8	0	0	0	0	0	0	0
fsh-generated/resources/Organization-UsOfficeOfSpaceCommerce.json	111	1	0	0	1	0	0	0	0	0	0	0	0	0	0	0	0	0	0	0	6	7	0	0	0	0	0	0	0
fsh-generated/resources/Patient-ExampleAstronaut.json	449	1	0	0	0	0	0	0	0	0	0	0	0	0	0	0	0	0	0	0	5	17	0	0	0	0	0	0	0
fsh-generated/resources/Patient-MarsCrewMember1.json	358	2	0	0	1	0	0	0	0	0	0	0	0	0	0	0	0	0	0	0	6	7	0	0	0	0	0	0	0
fsh-generated/resources/Patient-janeway.json	266	1	0	0	0	0	0	0	0	0	0	0	0	0	0	0	0	0	0	0	6	7	0	0	0	0	0	0	0
fsh-generated/resources/Patient-kirk.json	256	1	0	0	1	0	0	0	0	1	0	0	0	0	0	0	0	0	0	0	6	7	0	0	0	1	0	0	0
fsh-generated/resources/Patient-redshirt1.json	258	1	0	0	0	0	0	0	0	1	0	0	0	0	0	0	0	0	0	0	6	7	0	0	0	0	0	0	0
fsh-generated/resources/Patient-redshirt2.json	258	2	0	0	1	0	0	0	0	0	0	0	0	0	0	0	0	0	0	0	6	6	0	0	0	0	0	0	0
fsh-generated/resources/Patient-sarek.json	257	1	0	0	0	0	0	0	0	0	0	0	0	0	0	0	0	0	0	0	6	6	0	0	0	0	0	0	0
fsh-generated/resources/Patient-space-construction-engineer-1.json	292	1	0	0	0	0	0	0	0	0	0	0	0	0	0	0	0	0	0	0	5	7	0	0	0	0	0	0	0
fsh-generated/resources/Patient-space-engineer-1.json	272	2	0	0	1	0	0	0	0	0	0	0	0	0	0	0	0	0	0	0	5	7	0	0	0	0	0	0	0
fsh-generated/resources/Patient-spaceminer1.json	264	1	0	0	0	0	0	0	0	0	0	0	0	0	0	0	0	0	0	0	6	6	0	0	0	0	0	0	0
fsh-generated/resources/PlanDefinition-Artemis-III-Mission-Plan.json	2590	1	0	0	0	0	0	0	0	25	0	0	0	0	0	0	0	0	0	0	16	23	0	0	0	0	0	0	0
fsh-generated/resources/PlanDefinition-MarsDirectMissionPlan2040.json	2613	1	0	0	0	0	0	0	1	5	0	0	0	0	0	0	0	0	0	0	15	14	0	0	0	0	0	0	0
fsh-generated/resources/Procedure-Artemis-III-EVA-1.json	1282	1	0	0	0	0	0	0	0	12	0	0	0	0	0	0	0	0	0	0	8	15	0	0	0	0	0	0	0
fsh-generated/resources/Procedure-Artemis-III-EVA-2.json	1303	1	0	0	1	0	0	0	0	15	0	0	0	0	0	0	0	0	0	0	7	12	0	0	0	0	0	0	0
fsh-generated/resources/Procedure-BFRT-LowerBody-Session-001.json	1584	1	0	0	0	0	0	0	0	0	0	0	0	0	0	0	0	0	0	0	9	10	0	0	0	0	0	0	0
fsh-generated/resources/Procedure-Biomanufacturing-AlgaeCultivation-001.json	1424	1	0	0	0	0	0	0	0	1	0	0	0	0	0	0	0	1	0	0	8	11	0	0	0	0	0	0	0
fsh-generated/resources/Procedure-Emergency-DragonReturn-001.json	1387	1	0	0	0	0	0	0	0	1	0	0	0	0	0	0	0	0	0	0	7	13	0	0	0	0	0	0	0
fsh-generated/resources/Procedure-ExampleDiveMedicalClearance.json	564	1	0	0	1	0	0	0	0	0	0	0	0	0	0	0	0	0	0	0	6	11	0	0	0	0	0	0	0
fsh-generated/resources/Procedure-ExampleNeutralBuoyancySession.json	575	1	0	0	0	0	0	0	0	0	0	0	0	0	0	0	0	0	0	0	7	13	0	0	0	0	0	0	0
fsh-generated/resources/Procedure-ISS-BrightLightTherapy-Week8.json	1490	1	0	0	0	0	3	0	0	2	0	0	0	0	0	0	0	0	0	0	12	9	0	0	0	0	0	0	0
fsh-generated/resources/Procedure-ISS-CBT-Session-Week12.json	1472	1	0	0	0	0	0	0	0	2	0	0	0	0	0	0	0	0	0	0	9	10	0	0	0	0	0	0	0
fsh-generated/resources/Procedure-ISS-CrewDebrief-PostAnomaly.json	1523	1	0	0	0	0	0	0	0	2	0	0	0	0	0	0	0	0	0	0	9	10	0	0	0	1	0	0	0
fsh-generated/resources/Procedure-ISS-Exercise-Session-Proc-001.json	812	1	0	0	1	0	0	0	0	1	0	0	0	0	0	0	0	0	0	0	7	10	0	0	0	0	0	0	0
fsh-generated/resources/Procedure-ISS-GuidedMeditation-Daily.json	1034	1	0	0	0	0	0	0	0	1	0	0	0	0	0	0	0	0	0	0	7	13	0	0	0	0	0	0	0
fsh-generated/resources/Procedure-LBNP-Session-Microgravity-001.json	1415	1	0	0	0	0	0	0	0	1	0	0	0	0	0	0	0	0	0	0	10	11	0	0	0	0	0	0	0
fsh-generated/resources/Procedure-MarsEVA-Sol147.json	1961	1	0	0	0	0	0	0	0	1	0	0	0	0	0	0	0	0	0	0	12	10	0	0	0	0	0	0	0
fsh-generated/resources/Procedure-ProcedureBoneDensitometry.json	488	1	0	0	1	0	0	0	0	1	0	0	0	0	0	0	0	0	0	0	6	10	0	0	0	0	0	0	0
fsh-generated/resources/Procedure-ProcedureCompression.json	472	1	0	0	0	0	0	0	0	0	0	0	0	0	0	0	0	0	0	0	7	8	0	0	0	0	0	0	0
fsh-generated/resources/Procedure-ProcedureDecompression.json	476	1	0	0	0	0	0	0	0	0	0	0	0	0	0	0	0	0	0	0	6	9	0	0	0	0	0	0	0
fsh-generated/resources/Procedure-ProcedureEyeExam.json	465	1	0	0	0	0	0	0	0	1	0	0	0	0	0	0	0	0	0	0	5	8	0	0	0	0	0	0	0
fsh-generated/resources/Procedure-ProcedureHearingExam.json	473	1	0	0	1	0	0	0	0	0	0	0	0	0	0	0	0	0	0	0	6	9	0	0	0	0	0	0	0
fsh-generated/resources/Procedure-ProcedureUltrasound.json	490	1	0	0	1	0	0	0	0	0	0	0	0	0	0	0	0	0	0	0	6	8	0	0	0	0	0	0	0
fsh-generated/resources/Procedure-Sterilization-DHMR-001.json	1375	1	0	0	0	0	0	0	0	3	0	0	0	0	0	0	0	0	0	0	7	8	0	0	0	0	0	0	0
fsh-generated/resources/Questionnaire-AstronautFlightReadinessQuestionnaire.json	6950	1	0	0	0	0	0	0	1	20	0	0	0	0	0	0	0	0	0	0	97	45	0	0	0	0	3	0	1
fsh-generated/resources/Questionnaire-FAA8500Questionnaire.json	44625	2	0	0	0	0	0	0	1	47	0	0	0	0	0	0	0	0	0	0	1049	177	0	0	0	0	14	0	2
fsh-generated/resources/Questionnaire-GShockEligibility.json	9716	1	0	0	1	0	0	0	1	15	0	0	0	0	0	0	0	0	0	0	336	31	0	0	0	1	2	0	0
fsh-generated/resources/Questionnaire-HERAAnalogMissionApplication.json	13215	2	0	0	1	0	0	0	0	14	0	0	0	0	0	0	0	1	0	0	409	51	0	0	7	0	4	0	1
fsh-generated/resources/Questionnaire-MEDB110OphthalmologicExamQuestionnaire.json	22053	2	0	0	1	0	0	0	1	43	0	0	0	0	0	0	0	0	0	0	953	117	0	0	0	0	9	14	0
fsh-generated/resources/Questionnaire-MEDB111BodyCompositionQuestionnaire.json	8367	2	0	0	3	0	0	0	1	11	0	0	0	0	0	0	0	0	0	0	468	30	0	0	0	0	3	0	0
fsh-generated/resources/Questionnaire-MEDB114BodyMassQuestionnaire.json	4885	2	0	0	6	0	0	0	0	8	0	0	0	0	0	0	0	0	0	0	376	25	0	0	0	0	2	0	0
fsh-generated/resources/Questionnaire-MEDB16RestingECGQuestionnaire.json	26019	2	0	0	1	0	0	0	1	17	0	0	0	0	0	0	0	0	0	0	482	216	0	0	0	0	10	0	1
fsh-generated/resources/Questionnaire-MEDB18AudiometryQuestionnaire.json	21487	3	0	0	3	0	0	0	0	40	0	0	0	0	0	0	0	0	0	0	186	103	0	0	0	0	6	13	0
fsh-generated/resources/Questionnaire-MEDB19DentalExamQuestionnaire.json	6688	2	0	0	1	0	0	0	1	9	0	0	0	0	0	0	0	0	0	0	72	21	0	0	0	0	3	0	1
fsh-generated/resources/Questionnaire-MEDB21RoutineLabPanelQuestionnaire.json	20356	2	0	0	1	0	0	0	0	24	0	0	0	0	0	0	0	0	0	0	186	43	0	0	0	0	7	0	0
fsh-generated/resources/Questionnaire-MEDB22MRSAScreeningQuestionnaire.json	10537	2	0	0	0	0	0	0	1	9	0	0	0	0	0	0	0	0	0	0	89	25	0	0	0	0	3	0	0
fsh-generated/resources/Questionnaire-MEDB23TBTestingQuestionnaire.json	8275	4	0	0	1	0	0	0	0	14	0	0	0	0	0	0	0	0	0	0	72	21	0	0	0	0	2	0	0
fsh-generated/resources/Questionnaire-MEDB24HpyloriScreeningQuestionnaire.json	8578	2	0	0	0	0	0	0	1	8	0	0	0	0	0	0	0	0	0	0	68	45	0	0	0	0	2	0	0
fsh-generated/resources/Questionnaire-MEDB31RadiationMonitoringQuestionnaire.json	27203	4	0	0	0	0	0	0	1	23	0	0	0	0	0	0	0	0	0	0	533	27	0	0	0	0	7	0	2
fsh-generated/resources/Questionnaire-MEDB51AerobicFitnessQuestionnaire.json	16991	1	0	0	1	0	0	1	0	18	0	0	0	0	0	0	0	0	0	0	324	25	0	0	0	0	4	0	2
fsh-generated/resources/Questionnaire-MEDB52StrengthAssessmentQuestionnaire.json	11773	2	0	0	0	0	0	0	1	12	0	0	0	0	0	0	0	0	0	0	216	23	0	0	0	0	4	0	1
fsh-generated/resources/Questionnaire-MEDB53ExercisePrescriptionQuestionnaire.json	9220	1	0	0	1	0	0	0	1	14	0	0	0	0	0	0	0	0	0	0	89	18	0	0	0	0	2	0	1
fsh-generated/resources/Questionnaire-MEDB61EVAMedicalRequirementsQuestionnaire.json	12009	1	0	0	0	0	0	0	1	11	0	0	0	0	0	0	0	0	0	0	190	30	0	0	0	0	4	0	0
fsh-generated/resources/Questionnaire-MEDB71PsychStatusQuestionnaire.json	21702	2	0	0	1	0	0	0	2	22	0	0	0	0	0	0	0	1	0	0	314	86	0	0	0	0	3	0	1
fsh-generated/resources/Questionnaire-MEDB74CrewDynamicsQuestionnaire.json	14759	2	0	0	0	0	0	0	1	12	0	0	0	0	0	0	0	0	0	0	165	147	0	0	0	0	2	0	1
fsh-generated/resources/Questionnaire-MEDB75FamilySupportQuestionnaire.json	15191	2	0	0	1	0	0	0	0	19	0	0	0	0	0	0	0	0	0	0	424	77	0	0	0	0	2	0	0
fsh-generated/resources/Questionnaire-MR008LMedicalHardwareMaintenanceQuestionnaire.json	9921	1	0	0	0	0	0	0	1	12	0	0	0	0	0	0	0	0	0	0	413	27	0	0	0	0	1	0	1
fsh-generated/resources/Questionnaire-MR022SAirQualityQuestionnaire.json	8908	1	0	0	1	0	0	0	0	47	0	0	0	0	0	0	0	0	0	0	885	27	0	0	0	0	1	0	0
fsh-generated/resources/Questionnaire-MR026LReconditioningQuestionnaire.json	10210	2	0	0	0	0	2	0	1	107	0	0	0	0	0	0	0	0	0	0	458	26	0	0	0	0	2	0	0
fsh-generated/resources/Questionnaire-MR032LTelemedicineSetupQuestionnaire.json	8790	1	0	0	0	0	0	0	0	59	0	0	0	0	0	0	0	0	0	0	160	29	0	0	0	0	2	1	1
fsh-generated/resources/Questionnaire-MR036LMedicalKitInventoryQuestionnaire.json	11171	1	0	0	0	0	0	0	1	14	0	0	0	0	0	0	0	0	0	0	361	28	0	0	0	0	1	0	0
fsh-generated/resources/Questionnaire-MR050LPharmaceuticalManagementQuestionnaire.json	8556	1	0	0	1	0	0	0	0	128	0	0	0	0	0	0	0	0	0	0	104	28	0	0	0	0	2	0	1
fsh-generated/resources/Questionnaire-MR051LWaterQualityQuestionnaire.json	10723	1	0	0	0	0	0	0	1	8	0	0	0	0	0	0	0	0	0	0	105	28	0	0	0	0	1	0	0
fsh-generated/resources/Questionnaire-MR054LMicrobialMonitoringQuestionnaire.json	9421	2	0	0	0	0	0	0	0	7	0	0	0	0	0	0	0	0	0	0	89	26	0	0	0	0	2	0	1
fsh-generated/resources/Questionnaire-MR087SEVAPrebreathQuestionnaire.json	6388	1	0	0	0	0	0	0	0	7	0	0	0	0	0	0	0	0	0	0	70	17	0	0	0	0	2	0	0
fsh-generated/resources/Questionnaire-MR092LSPEProtocolQuestionnaire.json	10544	1	0	0	1	0	0	0	1	8	0	0	0	0	0	0	0	0	0	0	129	38	0	0	0	0	3	0	1
fsh-generated/resources/Questionnaire-MR093LRadiationContingencyQuestionnaire.json	10174	2	0	0	0	0	0	0	0	7	0	0	0	0	0	0	0	0	0	0	119	35	0	0	0	0	4	0	0
fsh-generated/resources/Questionnaire-TraumaEFASTQuestionnaire.json	5996	1	0	0	0	0	0	0	0	6	0	0	0	0	0	0	0	0	0	0	75	29	0	0	0	0	2	0	0
fsh-generated/resources/RiskAssessment-ContaminationRisk-MarsLander-001.json	1244	1	0	0	0	0	0	0	0	2	0	0	0	0	0	0	0	0	0	0	9	15	0	0	0	0	0	0	0
fsh-generated/resources/RiskAssessment-RadiationRisk-PostTransit.json	1803	1	0	0	1	0	0	0	0	4	0	0	0	0	0	0	0	0	0	0	11	26	0	0	0	0	0	0	0
fsh-generated/resources/RiskAssessment-RiskAssesmentAtmosphere.json	316	1	0	0	0	0	0	0	0	1	0	0	0	0	0	0	0	0	0	0	7	8	0	0	0	0	0	0	0
fsh-generated/resources/RiskAssessment-RiskAssesmentCalorieRestriction.json	324	1	0	0	0	0	0	0	0	1	0	0	0	0	0	0	0	0	0	0	6	8	0	0	0	0	0	0	0
fsh-generated/resources/RiskAssessment-RiskAssesmentCancer.json	312	1	0	0	0	0	0	0	0	2	0	0	0	0	0	0	0	0	0	0	6	8	0	0	0	0	0	0	0
fsh-generated/resources/RiskAssessment-RiskAssesmentContamination.json	319	1	0	0	0	0	0	0	0	1	0	0	0	0	0	0	0	0	0	0	6	7	0	0	0	0	0	0	1
fsh-generated/resources/RiskAssessment-RiskAssesmentFlightRisk.json	316	1	0	0	0	0	0	0	0	1	0	0	0	0	0	0	0	0	0	0	6	9	0	0	0	1	0	0	0
fsh-generated/resources/RiskAssessment-RiskAssesmentMission.json	313	1	0	0	1	0	0	0	0	1	0	0	0	0	0	0	0	0	0	0	6	10	0	0	0	0	0	0	0
fsh-generated/resources/ServiceRequest-Telemedicine-POCUS-Request-001.json	882	1	0	0	0	0	0	0	0	2	0	0	0	0	0	0	0	0	0	0	7	14	0	0	0	0	0	0	0
fsh-generated/resources/Specimen-DBS-Specimen-001.json	1220	1	0	0	0	0	0	0	0	1	0	0	0	0	0	0	0	0	0	0	7	13	0	0	0	0	0	0	0
fsh-generated/resources/StructureDefinition-AstrodynamicsObservation.json	715	1	0	29	1	0	0	1	1	26	0	0	0	0	0	0	0	1	0	0	231	1682	0	0	1	0	6	5	1
fsh-generated/resources/StructureDefinition-Astronaut.json	1145	1	0	132	0	0	0	1	0	8	0	0	0	0	0	0	0	0	0	0	119	363	0	0	0	0	4	1	0
fsh-generated/resources/StructureDefinition-BarotraumaAssessment.json	5214	1	0	343	0	0	0	0	0	26	0	0	0	0	0	0	0	1	0	0	308	1588	0	0	0	0	10	1	1
fsh-generated/resources/StructureDefinition-DecompressionSickness.json	4298	1	0	64	0	0	0	0	0	13	0	0	0	0	0	0	0	1	0	0	203	2005	0	0	0	0	8	3	0
fsh-generated/resources/StructureDefinition-DiveMedicalClearance.json	3536	1	0	35	0	0	0	0	0	9	0	0	1	0	0	0	0	1	0	0	140	664	0	0	0	0	8	2	3
fsh-generated/resources/StructureDefinition-DiveProfile.json	8356	2	0	60	1	0	1	0	0	19	0	0	0	0	0	0	0	2	0	0	1544	839	0	0	0	0	22	9	7
fsh-generated/resources/StructureDefinition-DivingEquipment.json	791	1	0	50	0	0	0	0	0	6	0	0	0	0	0	0	0	1	0	0	374	189	0	0	0	0	4	1	1
fsh-generated/resources/StructureDefinition-EnvironmentalMonitoring.json	648	1	0	32	0	0	0	0	0	5	0	0	0	0	0	0	0	0	0	0	144	471	0	0	0	0	4	0	2
fsh-generated/resources/StructureDefinition-EnvironmentalMonitoringLogicalModel.json	23261	1	0	26	0	0	0	0	0	18	0	0	0	0	0	0	0	1	0	0	772	1781	0	0	0	0	12	1	1
fsh-generated/resources/StructureDefinition-GimbalScreening.json	2780	1	0	58	0	0	0	0	0	10	0	0	2	0	0	0	0	3	0	0	1462	2319	0	0	0	0	14	0	2
fsh-generated/resources/StructureDefinition-HyperbaricTreatment.json	4739	1	0	40	1	0	0	0	0	7	0	0	0	0	0	0	0	1	0	0	785	291	0	0	0	0	6	0	1
fsh-generated/resources/StructureDefinition-NeutralBuoyancyFacility.json	663	1	0	35	0	0	0	0	0	5	0	0	0	0	0	0	0	0	0	0	268	149	0	0	0	0	2	1	1
fsh-generated/resources/StructureDefinition-NeutralBuoyancySession.json	4439	1	0	37	0	0	0	0	0	7	0	0	0	0	0	0	0	1	0	0	755	281	0	0	0	0	5	0	2
fsh-generated/resources/StructureDefinition-NutritionProduct.json	3001	1	0	15	1	0	0	0	0	4	0	0	0	0	0	0	0	0	0	0	83	314	0	0	0	0	1	0	0
fsh-generated/resources/StructureDefinition-SpaceCondition.json	627	1	0	0	0	0	0	0	0	4	0	0	0	0	0	0	0	1	0	0	96	1116	0	0	0	0	2	0	1
fsh-generated/resources/StructureDefinition-SpaceEquipment.json	619	1	0	0	0	0	0	0	0	5	0	0	0	0	0	1	0	3	0	0	107	232	0	0	0	0	2	0	1
fsh-generated/resources/StructureDefinition-SpaceInsurance.json	621	1	0	28	1	0	0	0	0	5	0	0	2	0	0	0	0	0	0	0	126	199	0	0	0	0	2	0	1
fsh-generated/resources/StructureDefinition-SpaceInsuranceContract.json	649	2	0	53	0	0	0	0	0	10	0	0	0	0	0	0	0	3	0	0	476	1422	0	0	0	0	6	0	3
fsh-generated/resources/StructureDefinition-SpaceLocation.json	651	1	0	0	0	0	0	0	0	4	0	0	0	0	0	0	0	0	0	0	269	142	0	0	0	0	1	0	1
fsh-generated/resources/StructureDefinition-SpaceOrg.json	629	1	0	25	1	0	0	0	0	3	0	0	0	0	0	0	0	0	0	0	162	125	0	0	0	0	2	1	1
fsh-generated/resources/StructureDefinition-SpaceProcedure.json	634	2	0	25	0	0	0	0	0	4	0	0	1	0	0	0	0	2	0	0	107	174	0	0	0	0	1	0	1
fsh-generated/resources/StructureDefinition-SpaceRiskAssesment.json	649	1	0	106	0	0	0	0	0	4	0	0	0	0	0	0	0	1	0	0	67	151	0	0	0	0	1	0	1
fsh-generated/resources/StructureDefinition-SpaceVehicle.json	674	1	0	19	0	0	0	0	0	4	0	0	0	0	0	0	0	0	0	0	78	159	0	0	0	0	2	0	1
fsh-generated/resources/StructureDefinition-SpacecraftLifeSupportTelemetry.json	20402	1	0	22	1	0	0	0	0	18	0	0	0	0	0	0	0	1	0	0	224	635	0	0	1	0	3	0	0
fsh-generated/resources/StructureDefinition-UnderwaterEVASimulation.json	2304	1	0	28	0	0	0	0	0	5	0	0	0	0	0	0	0	1	0	0	226	207	0	0	0	0	2	0	1
fsh-generated/resources/StructureDefinition-actigraphy-observation.json	6841	2	0	90	1	0	0	0	0	15	0	0	0	0	0	0	0	3	0	0	545	655	0	0	0	0	5	1	4
fsh-generated/resources/StructureDefinition-advanced-dive-profile.json	13591	1	0	68	0	0	0	0	0	30	0	0	0	0	0	0	0	3	0	0	697	2814	0	0	0	0	10	0	5
fsh-generated/resources/StructureDefinition-antiemetic-administration.json	4781	1	0	115	0	0	0	0	0	36	0	0	1	0	0	0	0	0	0	0	408	226	0	0	0	0	4	0	1
fsh-generated/resources/StructureDefinition-antiemetic-care-plan.json	3479	1	0	90	0	0	0	0	0	8	0	0	0	0	0	0	0	1	0	0	399	243	0	0	0	0	5	1	2
fsh-generated/resources/StructureDefinition-antiemetic-medication.json	1149	1	0	56	0	0	0	0	0	44	0	0	0	0	0	0	0	0	0	0	73	123	0	0	0	0	3	0	0
fsh-generated/resources/StructureDefinition-antioxidant-biomarker-panel.json	10791	2	0	448	0	0	0	0	0	25	0	0	0	0	0	0	0	2	0	0	482	1746	0	0	0	0	12	2	4
fsh-generated/resources/StructureDefinition-archer-actigraphy-observation.json	7283	1	0	49	1	0	0	0	0	17	0	0	0	0	0	0	0	10	0	0	334	1495	0	0	0	0	6	1	1
fsh-generated/resources/StructureDefinition-areographic-coordinates.json	2760	3	0	16	0	0	0	0	0	11	0	0	0	0	0	0	0	0	0	0	65	176	0	0	0	0	1	0	1
fsh-generated/resources/StructureDefinition-artemis-radiation-exposure.json	5819	1	0	73	0	0	0	0	0	17	0	0	0	0	0	0	0	2	0	0	872	471	0	0	0	0	10	3	4
fsh-generated/resources/StructureDefinition-autonomous-medical-encounter.json	3034	1	0	47	0	0	0	0	0	9	0	0	0	0	0	0	0	1	0	0	193	329	0	0	0	0	4	0	1
fsh-generated/resources/StructureDefinition-avatar-organ-chip.json	3471	1	0	59	0	0	0	0	0	9	0	0	1	0	0	0	0	1	0	0	375	1577	0	0	0	0	3	0	2
fsh-generated/resources/StructureDefinition-behavioral-health-state.json	5140	2	0	77	0	0	0	0	0	19	0	0	0	0	0	0	0	1	0	0	581	457	0	0	0	0	6	0	2
fsh-generated/resources/StructureDefinition-bfrt-activity-definition.json	2586	0	0	27	1	0	0	0	0	9	0	0	0	0	0	0	0	1	0	0	416	236	0	0	0	0	3	1	1
fsh-generated/resources/StructureDefinition-bfrt-care-plan.json	3747	2	0	19	0	0	0	0	0	15	0	0	0	0	0	0	0	2	0	0	146	263	0	0	0	0	3	0	1
fsh-generated/resources/StructureDefinition-bfrt-device.json	2500	1	0	19	0	0	0	0	0	9	0	0	0	0	0	0	0	0	0	0	186	177	0	0	0	0	3	0	0
fsh-generated/resources/StructureDefinition-bfrt-outcome-observation.json	8515	1	0	33	1	0	0	0	0	37	0	0	0	0	0	0	0	4	0	0	380	1895	0	0	0	0	58	0	2
fsh-generated/resources/StructureDefinition-bfrt-procedure.json	3754	1	0	15	1	0	0	0	1	10	0	0	0	0	0	0	0	0	0	0	131	204	0	0	0	0	6	0	0
fsh-generated/resources/StructureDefinition-biobank-location.json	3939	1	0	7	0	0	0	0	0	7	0	0	1	0	0	0	0	1	0	0	108	137	0	0	0	0	2	1	1
fsh-generated/resources/StructureDefinition-biological-feedstock.json	1571	1	0	9	0	0	0	0	0	4	0	0	0	0	0	0	0	0	0	0	95	226	0	1	0	0	2	0	0
fsh-generated/resources/StructureDefinition-biomanufacturing-procedure.json	3195	1	0	11	1	0	0	0	0	6	0	0	0	0	0	0	0	1	0	0	262	1026	0	0	0	0	4	0	1
fsh-generated/resources/StructureDefinition-bioreactor-device.json	2319	1	0	14	0	0	0	0	0	7	0	0	0	0	0	0	0	2	0	0	129	196	0	0	0	0	6	0	1
fsh-generated/resources/StructureDefinition-bliss-resource-output.json	5280	1	0	26	1	0	0	0	0	10	0	0	0	0	0	0	0	2	0	0	339	340	0	0	0	0	10	0	1
fsh-generated/resources/StructureDefinition-bone-density-observation.json	7407	1	0	32	0	0	0	0	0	13	0	0	0	0	0	0	0	1	0	0	1344	2113	0	0	0	0	11	0	2
fsh-generated/resources/StructureDefinition-calorie-deficit-assessment.json	7888	2	0	26	0	0	0	0	0	13	0	0	1	0	0	0	0	2	0	0	1518	2061	0	0	0	0	10	0	2
fsh-generated/resources/StructureDefinition-cardiovascular-fitness.json	1456	1	0	2	0	0	0	0	0	3	0	0	1	0	0	0	0	0	0	0	57	140	0	0	0	1	2	0	0
fsh-generated/resources/StructureDefinition-chamber-configuration.json	1449	1	0	4	1	0	0	0	0	4	0	0	0	0	0	0	0	0	0	0	38	114	0	0	0	0	2	0	0
fsh-generated/resources/StructureDefinition-chamber-type.json	1471	1	0	3	0	0	0	0	0	3	0	0	0	0	0	0	0	0	0	0	36	119	0	0	0	0	4	0	0
fsh-generated/resources/StructureDefinition-circadian-phase.json	1449	1	0	2	0	0	0	0	0	3	0	0	0	0	0	0	0	0	0	0	53	80	0	0	0	0	4	0	1
fsh-generated/resources/StructureDefinition-circadian-rhythm-assessment.json	7536	1	0	46	0	0	0	0	0	12	0	0	0	0	0	0	0	1	0	0	383	455	0	0	0	0	20	0	2
fsh-generated/resources/StructureDefinition-communication-delay.json	1745	1	0	3	1	0	0	0	0	4	0	0	0	0	0	0	0	0	0	0	45	158	0	0	0	0	3	0	1
fsh-generated/resources/StructureDefinition-communication-latency.json	2022	1	0	6	0	0	0	0	1	3	0	0	0	0	0	0	0	1	0	0	44	1482	0	0	0	0	3	0	1
fsh-generated/resources/StructureDefinition-communication-session-assessment.json	7677	1	0	34	0	0	0	0	0	14	0	0	0	0	0	0	0	7	0	0	771	1317	0	0	0	0	21	0	5
fsh-generated/resources/StructureDefinition-communication-systems.json	1492	1	0	4	0	0	0	0	0	3	0	0	1	0	0	0	0	1	0	0	135	82	0	0	0	0	2	0	0
fsh-generated/resources/StructureDefinition-complication-monitoring.json	1422	1	0	2	0	0	2	0	0	3	0	0	0	0	0	0	0	0	0	0	85	72	0	0	0	0	2	0	0
fsh-generated/resources/StructureDefinition-crew-coordination.json	1313	1	0	2	0	0	0	0	0	2	0	0	0	0	0	0	0	1	0	0	114	72	0	0	0	0	2	0	0
fsh-generated/resources/StructureDefinition-cumulative-radiation-dose.json	6803	1	0	61	1	0	0	0	0	59	0	0	2	0	0	0	0	6	0	0	2106	2715	0	0	0	0	33	1	6
fsh-generated/resources/StructureDefinition-cumulative-stress-burden.json	5051	1	0	44	0	0	0	0	0	66	0	0	0	0	0	0	0	1	0	0	274	387	0	0	0	0	33	1	7
fsh-generated/resources/StructureDefinition-dcs-risk-assessment.json	2921	2	0	8	0	0	0	0	0	56	0	0	1	0	0	0	0	0	0	0	102	145	0	0	0	0	12	0	3
fsh-generated/resources/StructureDefinition-decompression-algorithm.json	1510	0	0	2	0	0	0	0	0	34	0	0	0	0	0	0	0	0	0	0	46	93	0	0	0	0	3	0	0
fsh-generated/resources/StructureDefinition-decompression-protocol.json	5300	1	0	19	0	0	0	0	0	50	0	0	0	0	0	0	0	1	0	0	148	686	0	0	0	0	24	0	1
fsh-generated/resources/StructureDefinition-derived-from-group.json	1510	1	0	2	0	0	0	0	0	21	0	0	0	0	0	0	0	0	0	0	28	92	0	0	0	0	4	0	0
fsh-generated/resources/StructureDefinition-diagnostic-report-mission-context.json	1584	2	0	3	0	0	0	0	0	11	0	0	0	0	0	0	0	0	0	0	26	71	0	0	0	0	3	0	0
fsh-generated/resources/StructureDefinition-diving-contraindications.json	1456	0	0	1	0	0	0	0	0	8	0	0	0	0	0	0	0	0	0	0	29	67	0	0	0	0	3	0	0
fsh-generated/resources/StructureDefinition-emergency-care-plan.json	3814	1	0	15	0	0	0	0	0	26	0	0	0	0	0	0	0	2	0	0	148	298	0	0	0	0	20	0	0
fsh-generated/resources/StructureDefinition-emergency-evacuation-procedure.json	3378	1	0	25	1	0	0	0	0	52	0	0	0	0	0	0	0	1	0	0	668	192	0	0	0	0	15	1	0
fsh-generated/resources/StructureDefinition-emergency-procedures.json	1422	1	0	2	0	0	0	0	0	3	0	0	0	0	0	0	0	0	0	0	25	1081	0	0	0	0	4	0	0
fsh-generated/resources/StructureDefinition-emergency-response.json	1307	1	0	2	1	0	0	0	0	17	0	0	0	0	0	0	0	0	0	0	30	563	0	0	0	0	3	0	0
fsh-generated/resources/StructureDefinition-emergency-risk-assessment.json	3647	1	0	11	0	0	0	0	0	43	0	0	0	0	0	0	0	0	0	0	327	759	0	0	0	0	22	0	1
fsh-generated/resources/StructureDefinition-emergency-type.json	1272	1	0	5	0	0	0	0	0	16	0	0	0	0	0	0	0	1	0	0	109	72	0	0	0	0	3	0	0
fsh-generated/resources/StructureDefinition-energy-expenditure.json	1572	1	0	3	1	0	0	0	0	77	0	0	0	0	0	0	0	0	0	0	145	85	0	0	0	0	5	0	0
fsh-generated/resources/StructureDefinition-enhanced-hyperbaric-treatment.json	6007	1	0	23	0	0	0	0	0	26	0	0	0	0	0	0	0	0	0	0	671	196	0	0	1	0	23	0	0
fsh-generated/resources/StructureDefinition-enhanced-neutral-buoyancy-session.json	6039	2	0	24	0	0	0	0	0	48	0	0	0	0	0	0	0	2	0	0	527	190	0	0	0	0	90	1	0
fsh-generated/resources/StructureDefinition-environmental-conditions.json	3939	1	0	5	0	0	0	0	0	33	0	0	0	0	0	0	0	1	0	0	385	110	0	0	0	0	20	1	1
fsh-generated/resources/StructureDefinition-environmental-factors.json	1510	1	0	3	0	0	0	0	0	37	0	0	0	0	0	0	0	1	0	0	114	110	0	0	0	0	4	0	0
fsh-generated/resources/StructureDefinition-eva-number.json	1337	1	0	4	1	0	0	0	0	41	0	0	0	0	0	0	0	0	0	0	74	79	0	0	0	0	3	0	0
fsh-generated/resources/StructureDefinition-eva-procedure.json	4782	1	0	53	0	0	0	0	0	56	0	0	1	0	0	0	0	1	0	0	665	902	0	0	0	0	32	0	1
fsh-generated/resources/StructureDefinition-eva-suit-provisioning-record.json	3128	2	0	96	0	0	0	0	0	44	0	0	0	0	0	0	0	0	0	0	363	119	0	0	0	0	7	0	1
fsh-generated/resources/StructureDefinition-evidence-source.json	1467	1	0	25	0	0	0	0	0	20	0	0	0	0	0	0	0	0	0	0	126	67	0	0	0	0	3	0	2
fsh-generated/resources/StructureDefinition-exercise-device.json	1556	1	0	53	1	0	0	0	0	13	0	0	0	0	0	0	0	0	0	0	76	61	0	0	0	0	14	0	0
fsh-generated/resources/StructureDefinition-flight-day.json	1624	1	0	32	0	0	0	0	0	10	0	0	0	0	0	0	0	0	0	0	34	57	0	0	0	0	7	1	0
fsh-generated/resources/StructureDefinition-flow-directionality-index-observation.json	10977	1	0	604	0	0	0	0	0	65	0	0	0	0	0	0	0	4	0	0	511	538	0	0	0	0	81	0	3
fsh-generated/resources/StructureDefinition-gravity-context.json	1890	1	0	10	0	0	0	0	0	16	0	0	0	0	0	0	0	0	0	0	32	62	0	0	0	0	5	0	1
fsh-generated/resources/StructureDefinition-habitat-environmental-observation.json	3228	2	0	102	1	0	0	0	0	39	0	0	0	0	0	0	0	1	0	0	344	185	0	0	0	0	26	1	2
fsh-generated/resources/StructureDefinition-habitat-location.json	2741	1	0	144	0	0	0	0	0	48	0	0	0	0	0	0	0	0	0	0	213	111	0	0	0	0	16	0	1
fsh-generated/resources/StructureDefinition-harness-load.json	1637	1	0	28	1	0	0	0	0	26	0	0	0	0	0	0	0	0	0	0	134	367	0	0	0	0	5	0	1
fsh-generated/resources/StructureDefinition-hydration-deficit.json	1561	1	0	15	0	0	0	0	0	22	0	0	0	0	0	0	0	0	0	0	48	257	0	0	0	0	6	0	0
fsh-generated/resources/StructureDefinition-hydration-status-observation.json	4368	2	0	129	0	0	0	0	0	53	0	0	0	0	0	0	0	1	0	0	273	2110	0	0	0	0	31	1	0
fsh-generated/resources/StructureDefinition-hyperbaric-capabilities.json	1513	1	0	17	0	0	0	0	0	15	0	0	0	0	0	0	0	1	0	0	58	398	0	0	0	0	5	0	0
fsh-generated/resources/StructureDefinition-hyperbaric-chamber.json	4887	1	0	63	2	0	0	0	0	57	0	0	0	0	0	0	0	2	0	0	195	963	0	0	0	0	28	0	1
fsh-generated/resources/StructureDefinition-immune-biomarker-panel.json	12625	2	0	567	0	0	0	1	0	101	0	0	1	0	0	0	0	2	0	0	673	1184	0	0	0	0	68	1	3
fsh-generated/resources/StructureDefinition-internal-jugular-vein-area-observation.json	4061	1	0	78	0	0	0	0	0	16	0	0	0	0	0	0	0	1	0	0	347	252	0	0	0	0	27	0	1
fsh-generated/resources/StructureDefinition-internal-jugular-vein-flow-observation.json	5815	1	0	110	0	0	0	0	0	15	0	0	0	0	0	0	0	8	0	0	976	358	0	0	0	0	29	1	1
fsh-generated/resources/StructureDefinition-internal-jugular-vein-pressure-observation.json	4067	1	0	71	0	0	0	0	0	18	0	0	0	0	0	0	0	1	0	0	204	241	0	0	0	0	32	0	2
fsh-generated/resources/StructureDefinition-inventory-risk-flag.json	1461	1	0	18	0	0	0	0	0	5	0	0	0	0	0	0	0	0	0	0	29	79	0	0	0	0	6	1	0
fsh-generated/resources/StructureDefinition-isolation-risk.json	1508	1	0	10	0	0	0	0	0	7	0	0	0	0	0	0	0	0	0	0	27	114	0	0	0	0	5	0	0
fsh-generated/resources/StructureDefinition-isru-production-log.json	5954	1	0	93	1	0	0	0	0	70	0	0	0	0	0	0	0	1	0	0	297	2440	0	0	0	0	44	0	1
fsh-generated/resources/StructureDefinition-isru-status.json	2798	2	0	16	0	0	0	0	0	5	0	0	0	0	0	0	0	1	0	0	59	895	0	0	0	0	15	0	0
fsh-generated/resources/StructureDefinition-lbnp-countermeasure-system.json	2572	1	0	33	0	0	0	0	0	6	0	0	0	0	0	0	0	0	0	0	149	506	0	0	0	0	20	3	2
fsh-generated/resources/StructureDefinition-lbnp-pressure-level.json	1799	1	0	9	0	0	0	0	0	4	0	0	0	0	0	0	0	0	0	0	41	95	0	0	0	0	5	0	0
fsh-generated/resources/StructureDefinition-lessons-learned.json	1299	1	0	13	0	0	0	0	0	4	0	0	0	0	0	0	0	1	0	0	24	89	0	0	0	0	6	1	0
fsh-generated/resources/StructureDefinition-location-capabilities.json	1341	1	0	13	1	0	0	0	0	4	0	0	0	0	0	0	0	0	0	0	29	86	0	0	0	0	3	0	0
fsh-generated/resources/StructureDefinition-location-hierarchy.json	1430	1	0	10	0	0	0	0	0	6	0	0	0	0	0	0	0	0	0	0	38	82	0	0	0	0	4	0	0
fsh-generated/resources/StructureDefinition-lower-body-negative-pressure-procedure.json	3703	1	0	54	0	0	0	0	0	8	0	0	0	0	0	0	0	0	0	0	125	246	0	0	0	0	18	0	0
fsh-generated/resources/StructureDefinition-lunar-coordinates.json	2758	2	0	14	1	0	0	0	0	5	0	0	0	0	0	0	0	1	0	0	59	264	0	0	0	0	5	0	0
fsh-generated/resources/StructureDefinition-mars-crew-member.json	1403	1	0	53	0	0	1	0	0	10	0	0	1	0	0	0	0	2	0	0	99	247	0	0	0	0	26	1	1
fsh-generated/resources/StructureDefinition-mars-eva-procedure.json	5401	1	0	70	0	0	0	0	0	11	0	0	0	0	0	0	0	1	0	0	166	239	0	0	0	0	16	0	2
fsh-generated/resources/StructureDefinition-mars-radiation-risk-assessment.json	3084	1	0	67	0	0	0	0	0	12	0	0	0	0	0	0	0	1	0	0	243	1228	0	0	0	0	8	1	1
fsh-generated/resources/StructureDefinition-maximum-depth-reached.json	1623	1	0	10	1	0	0	0	0	6	0	0	0	0	0	0	0	0	0	0	187	918	0	0	0	0	4	0	0
fsh-generated/resources/StructureDefinition-maximum-depth.json	1409	1	0	14	0	0	0	0	0	4	0	0	0	0	0	0	0	0	0	0	156	989	0	0	0	0	2	1	1
fsh-generated/resources/StructureDefinition-maximum-pressure.json	1595	1	0	8	0	0	0	0	0	4	0	0	0	0	0	0	0	0	0	0	222	607	0	0	0	0	4	1	0
fsh-generated/resources/StructureDefinition-medical-intervention.json	1438	1	0	11	1	0	0	0	1	4	0	0	0	0	0	0	0	0	0	0	29	378	0	0	0	0	2	0	0
fsh-generated/resources/StructureDefinition-metabolic-risk-summary.json	4812	1	0	52	0	0	0	0	0	8	0	0	0	0	0	0	0	1	0	0	143	1708	0	0	0	0	11	1	0
fsh-generated/resources/StructureDefinition-microbial-contamination-condition.json	3092	1	0	25	1	0	0	0	0	7	0	0	0	0	0	0	0	0	0	0	118	1277	0	0	0	0	12	0	1
fsh-generated/resources/StructureDefinition-microbial-contamination-risk.json	3561	2	0	57	0	0	0	0	0	6	0	0	0	0	0	0	0	2	0	0	99	712	0	0	0	0	5	0	0
fsh-generated/resources/StructureDefinition-microbial-viability-assay.json	6085	1	0	123	1	0	0	0	0	15	0	0	0	0	0	0	0	2	0	0	289	2538	0	0	0	0	37	2	4
fsh-generated/resources/StructureDefinition-mission-context.json	2372	1	0	10	0	0	0	0	0	3	0	0	0	0	0	0	0	0	0	0	28	366	0	0	0	0	3	0	0
fsh-generated/resources/StructureDefinition-mission-phase.json	1840	1	0	7	1	0	0	0	0	4	0	0	0	0	0	0	0	0	0	0	26	534	0	0	0	0	4	0	0
fsh-generated/resources/StructureDefinition-mission-plan.json	3052	1	0	161	0	0	0	0	0	13	0	0	0	0	0	0	0	2	0	0	236	2106	0	0	0	0	41	4	2
fsh-generated/resources/StructureDefinition-mission-timeline-plan.json	3027	2	0	160	0	0	0	0	0	10	0	0	1	0	0	0	0	2	0	0	241	1521	0	0	0	0	38	1	1
fsh-generated/resources/StructureDefinition-mrid-discipline.json	1465	1	0	26	0	0	0	0	0	3	0	0	0	0	0	0	0	1	0	0	28	335	0	0	0	0	4	0	0
fsh-generated/resources/StructureDefinition-mrid-document-number.json	1375	1	0	34	1	0	0	0	0	3	0	0	0	0	0	0	0	0	0	0	25	715	0	0	0	0	3	0	1
fsh-generated/resources/StructureDefinition-mrid-flight-duration.json	1485	1	0	39	0	0	0	0	0	3	0	0	0	0	0	0	0	1	0	0	25	77	0	0	0	0	6	0	0
fsh-generated/resources/StructureDefinition-mrid-frequency.json	1376	1	0	46	0	0	0	0	0	3	0	0	0	0	0	1	0	0	0	0	29	68	0	0	0	0	4	0	0
fsh-generated/resources/StructureDefinition-mrid-launch-context.json	3733	1	0	49	0	0	0	0	0	5	0	0	0	0	0	0	0	1	0	0	84	110	0	0	0	0	14	0	2
fsh-generated/resources/StructureDefinition-mrid-questionnaire.json	6545	1	0	133	0	0	0	0	0	8	0	0	0	0	0	0	0	1	0	0	767	384	0	0	0	0	39	0	1
fsh-generated/resources/StructureDefinition-mrid-sponsor.json	1468	1	0	16	1	0	0	0	0	3	0	0	0	0	0	0	0	0	0	0	94	87	0	0	0	0	7	1	0
fsh-generated/resources/StructureDefinition-multi-omics-observation.json	6234	1	0	189	0	0	0	0	0	10	0	0	0	0	0	0	0	1	0	0	1142	377	0	0	0	0	44	1	2
fsh-generated/resources/StructureDefinition-occlusion-pressure.json	1751	1	0	6	0	0	0	0	0	3	0	0	0	0	0	0	0	1	0	0	206	175	0	0	0	0	12	2	1
fsh-generated/resources/StructureDefinition-omics-risk-assessment.json	3741	1	0	22	0	0	0	0	0	5	0	0	0	0	0	0	0	3	0	0	386	474	0	0	0	1	15	4	0
fsh-generated/resources/StructureDefinition-operational-status.json	1436	1	0	5	1	0	0	0	0	3	0	0	0	0	0	0	0	1	0	0	110	70	0	0	0	0	2	0	0
fsh-generated/resources/StructureDefinition-oxygen-capability.json	1299	1	0	5	0	0	0	0	0	3	0	0	0	0	0	0	0	0	0	0	165	71	0	0	0	0	3	3	0
fsh-generated/resources/StructureDefinition-oxygen-concentration.json	1417	1	0	3	0	0	0	0	0	2	0	0	0	0	0	0	0	1	0	0	214	105	0	0	0	0	12	2	0
fsh-generated/resources/StructureDefinition-parabolic-flight-exposure.json	2607	1	0	28	1	0	0	0	0	6	0	0	0	0	0	0	0	2	0	0	389	121	0	0	0	0	36	2	0
fsh-generated/resources/StructureDefinition-patient-monitoring.json	1430	2	0	4	0	0	0	0	0	3	0	0	0	0	0	0	0	0	0	0	71	69	0	0	0	0	6	0	0
fsh-generated/resources/StructureDefinition-personalized-countermeasure-plan.json	3662	1	0	31	1	0	0	0	0	6	0	0	0	0	0	0	0	1	0	0	196	243	0	0	0	0	59	1	1
fsh-generated/resources/StructureDefinition-planetary-protection-category.json	1761	1	0	8	1	0	0	0	0	3	0	0	0	0	0	0	0	0	0	0	27	64	0	0	0	0	5	0	0
fsh-generated/resources/StructureDefinition-psychological-countermeasure-activity.json	3333	1	0	69	0	0	0	0	0	6	0	0	0	0	0	0	0	0	0	0	135	216	0	0	0	0	20	0	0
fsh-generated/resources/StructureDefinition-pulmonary-function.json	1428	1	0	10	0	0	0	0	0	2	0	0	0	0	0	0	0	1	0	0	26	64	0	0	0	0	5	0	0
fsh-generated/resources/StructureDefinition-radiation-countermeasures.json	1522	1	0	4	0	0	1	0	1	3	0	0	0	0	0	0	0	0	0	0	28	64	0	0	0	0	3	0	0
fsh-generated/resources/StructureDefinition-radiation-detector.json	9053	1	0	66	1	0	0	0	0	15	0	0	1	0	0	0	0	1	0	0	413	927	0	0	0	0	60	0	1
fsh-generated/resources/StructureDefinition-radiation-shielding.json	2767	1	0	11	0	0	0	0	0	6	0	0	0	0	0	0	0	1	0	0	58	111	0	0	0	0	10	0	0
fsh-generated/resources/StructureDefinition-radiation-type.json	1423	1	0	4	1	0	0	0	0	2	0	0	0	0	0	0	0	0	0	0	34	71	0	0	0	0	9	0	0
fsh-generated/resources/StructureDefinition-radioprotective-administration.json	5021	1	0	39	0	0	0	0	0	32	0	0	0	0	0	0	0	2	0	0	156	440	0	0	0	0	22	0	0
fsh-generated/resources/StructureDefinition-radioprotective-medication.json	1379	1	0	17	0	0	0	0	0	4	0	0	0	0	0	0	0	1	0	0	76	967	0	0	0	0	10	0	0
fsh-generated/resources/StructureDefinition-regulatory-compliance-assessment.json	6073	1	0	66	0	0	0	0	0	21	0	0	0	0	0	0	0	1	0	0	627	506	0	0	0	0	47	0	1
fsh-generated/resources/StructureDefinition-regulatory-compliance.json	1481	3	0	3	1	0	0	0	0	5	0	0	0	0	0	0	0	0	0	0	29	82	0	0	0	0	2	0	0
fsh-generated/resources/StructureDefinition-rehydration-requirement.json	1739	1	0	6	0	0	0	0	0	3	0	0	0	0	0	0	0	0	0	0	45	135	0	0	0	0	11	1	0
fsh-generated/resources/StructureDefinition-rescue-procedures.json	1312	1	0	7	1	0	0	0	0	3	0	0	0	0	0	0	0	0	0	0	31	211	0	0	0	0	4	0	0
fsh-generated/resources/StructureDefinition-response-time.json	1299	1	0	5	0	0	0	0	0	2	0	0	0	0	0	0	0	0	0	0	29	85	0	0	0	0	4	0	0
fsh-generated/resources/StructureDefinition-safety-protocols.json	1466	1	0	3	1	0	0	0	0	3	0	0	0	0	0	0	0	0	0	0	30	71	0	0	0	0	2	0	0
fsh-generated/resources/StructureDefinition-safety-stop-compliance.json	3195	1	0	5	0	0	0	0	0	4	0	0	0	0	0	0	0	0	0	0	76	105	0	0	0	0	8	0	0
fsh-generated/resources/StructureDefinition-sans-assessment.json	9733	1	0	64	0	0	0	0	0	15	0	0	0	0	0	0	0	4	0	0	402	528	0	0	1	0	57	1	3
fsh-generated/resources/StructureDefinition-session-duration.json	1305	1	0	4	0	0	0	0	0	3	0	0	0	0	0	0	0	0	0	0	26	84	0	0	0	0	3	0	0
fsh-generated/resources/StructureDefinition-sex-specific-protocol.json	1605	1	0	2	1	0	0	0	0	40	0	0	0	0	0	0	0	0	0	0	30	831	0	0	0	0	12	0	0
fsh-generated/resources/StructureDefinition-shelf-life-decay.json	1372	1	0	3	0	0	0	0	0	4	0	0	0	0	0	0	0	0	0	0	28	492	0	0	0	0	4	0	0
fsh-generated/resources/StructureDefinition-shielding-mass.json	1536	1	0	4	0	0	0	0	0	3	0	0	0	0	0	0	0	0	0	0	42	89	0	0	0	0	9	0	0
fsh-generated/resources/StructureDefinition-space-adverse-event.json	3598	1	0	17	0	0	0	0	0	6	0	0	0	0	0	0	0	0	0	0	258	154	0	0	0	0	23	1	1
fsh-generated/resources/StructureDefinition-space-blood-product.json	2992	1	0	13	1	0	0	0	0	7	0	0	0	0	0	0	0	1	0	0	458	144	0	0	0	0	20	1	0
fsh-generated/resources/StructureDefinition-space-body-temperature.json	7041	2	0	34	0	0	0	0	0	12	0	0	0	0	0	0	0	3	0	0	619	342	0	0	0	0	59	1	2
fsh-generated/resources/StructureDefinition-space-cgm-device.json	3848	1	0	21	0	0	0	0	0	8	0	0	1	0	0	0	0	2	0	0	251	770	0	0	0	0	32	0	1
fsh-generated/resources/StructureDefinition-space-cgm-observation.json	9587	2	0	43	0	0	0	0	1	16	0	0	0	0	0	0	0	1	0	0	464	1589	0	0	0	0	72	0	4
fsh-generated/resources/StructureDefinition-space-cgm-summary.json	3221	1	0	21	1	0	0	0	0	5	0	0	0	0	0	0	0	0	0	0	552	191	0	0	0	0	26	1	1
fsh-generated/resources/StructureDefinition-space-ecg-observation.json	9913	1	0	52	0	0	0	0	0	19	0	0	0	0	0	0	0	5	0	0	949	510	0	0	0	0	72	2	8
fsh-generated/resources/StructureDefinition-space-emergency-condition.json	3344	1	0	19	0	0	0	0	0	5	0	0	0	0	0	0	0	0	0	0	109	166	0	0	0	0	24	0	0
fsh-generated/resources/StructureDefinition-space-evs-minutes-per-week.json	4924	1	0	32	0	0	0	0	0	7	0	0	0	0	0	0	0	1	0	0	186	313	0	0	0	0	28	1	8
fsh-generated/resources/StructureDefinition-space-exercise-activity-group.json	5582	1	0	26	0	0	0	0	0	8	0	0	1	0	0	0	0	1	0	0	170	342	0	0	0	0	33	1	1
fsh-generated/resources/StructureDefinition-space-exercise-activity-measure.json	5570	2	0	25	0	0	0	0	0	8	0	0	2	0	0	0	0	1	0	0	212	288	0	0	0	0	39	1	4
fsh-generated/resources/StructureDefinition-space-exercise-session.json	3585	2	0	24	1	0	0	1	0	6	0	0	0	0	0	0	0	1	0	0	134	181	0	0	0	0	24	1	3
fsh-generated/resources/StructureDefinition-space-joint-health-assessment.json	6549	1	0	47	0	0	0	0	0	11	0	0	1	0	0	0	0	1	0	0	467	346	0	0	0	0	40	2	1
fsh-generated/resources/StructureDefinition-space-molecular-sequence.json	1374	1	0	41	0	0	0	0	0	6	0	0	1	0	0	0	0	3	0	0	236	244	0	0	0	0	27	1	3
fsh-generated/resources/StructureDefinition-space-motion-sickness-condition.json	3982	1	0	41	0	0	1	0	0	21	0	0	0	0	0	0	0	1	0	0	117	696	0	0	0	1	15	0	1
fsh-generated/resources/StructureDefinition-space-nutrition-intake.json	8374	2	0	221	0	0	0	0	0	13	0	0	1	0	0	0	0	2	0	0	451	2266	0	0	0	0	42	1	4
fsh-generated/resources/StructureDefinition-space-nutrition-inventory-item.json	2024	1	0	5	0	0	0	0	0	5	0	0	0	0	0	0	0	0	0	0	67	123	0	0	0	0	13	0	1
fsh-generated/resources/StructureDefinition-space-nutrition-product.json	2995	2	0	9	1	0	0	0	0	5	0	0	1	0	0	0	0	0	0	0	98	130	0	0	0	0	14	1	0
fsh-generated/resources/StructureDefinition-space-pocus.json	3233	1	0	10	0	0	0	0	0	6	0	0	0	0	0	0	0	1	0	0	104	231	0	0	0	0	30	0	1
fsh-generated/resources/StructureDefinition-space-radiation-exposure.json	13133	1	0	0	1	0	0	0	0	18	0	0	1	0	0	0	0	9	0	0	519	861	0	0	0	0	73	0	2
fsh-generated/resources/StructureDefinition-space-radiation-summary.json	4550	2	0	9	0	0	0	0	0	6	0	0	1	0	0	0	0	1	0	0	116	184	0	0	0	0	23	0	1
fsh-generated/resources/StructureDefinition-space-sleep-study.json	14501	2	0	56	0	0	0	0	0	23	0	0	0	0	0	0	0	2	0	0	1452	1998	1	0	0	0	82	0	4
fsh-generated/resources/StructureDefinition-space-specimen-collection.json	3422	8	0	15	1	0	0	0	0	6	0	0	0	0	0	0	0	0	0	0	115	387	0	0	0	0	13	0	0
fsh-generated/resources/StructureDefinition-space-surgical-procedure.json	3662	7	0	17	0	0	0	0	0	6	0	0	1	0	0	0	0	0	0	0	131	206	0	0	0	0	18	1	1
fsh-generated/resources/StructureDefinition-space-transfusion-procedure.json	3348	7	0	17	0	0	0	0	0	5	0	0	0	0	0	0	0	1	0	0	160	453	0	0	0	0	15	0	3
fsh-generated/resources/StructureDefinition-spaceflight-anemia-panel.json	11564	9	0	55	0	0	0	0	0	17	0	0	0	0	0	0	0	2	0	0	1202	3523	0	0	0	0	59	0	5
fsh-generated/resources/StructureDefinition-spaceflight-specimen.json	3290	8	0	12	0	0	0	0	0	6	0	0	0	0	0	0	0	2	0	0	357	246	0	0	0	0	18	0	7
fsh-generated/resources/StructureDefinition-standard-measures-observation.json	3771	24	0	21	1	0	0	0	0	6	0	0	0	0	0	0	0	1	0	0	563	451	0	0	0	0	17	0	6
fsh-generated/resources/StructureDefinition-sterilization-procedure.json	3529	23	0	16	0	0	0	0	0	5	0	0	0	0	0	0	0	0	0	0	152	194	0	0	0	0	18	1	3
fsh-generated/resources/StructureDefinition-suit-configuration.json	1455	1	0	2	0	0	0	0	0	3	0	0	0	0	0	0	0	0	0	0	27	180	0	0	0	0	2	0	0
fsh-generated/resources/StructureDefinition-suit-operational-state.json	1494	32	0	3	0	0	0	0	0	2	0	0	0	0	0	0	0	0	0	0	32	205	0	0	0	0	2	0	0
fsh-generated/resources/StructureDefinition-suit-redundancy-assessment.json	5797	9	0	35	1	0	0	0	0	17	0	0	0	0	0	0	0	3	0	0	316	660	0	0	0	0	29	1	22
fsh-generated/resources/StructureDefinition-task-completion-metrics.json	1338	6	0	3	1	0	0	0	0	3	0	0	0	0	0	0	0	0	0	0	28	79	0	0	0	0	6	0	1
fsh-generated/resources/StructureDefinition-telemedicine-communication.json	3033	11	0	10	2	0	0	0	0	4	0	0	1	0	0	0	0	0	0	0	101	542	0	0	0	0	9	2	26
fsh-generated/resources/StructureDefinition-telemedicine-consult-request.json	3516	1	0	20	1	0	0	0	0	43	0	0	0	0	0	0	0	0	0	0	127	1011	0	0	0	0	11	3	10
fsh-generated/resources/StructureDefinition-telemedicine-device.json	2437	4	0	14	0	0	0	0	0	35	0	0	0	0	0	0	0	2	0	0	145	209	0	0	0	0	10	1	25
fsh-generated/resources/StructureDefinition-telemedicine-encounter.json	3331	5	0	25	1	0	0	0	1	68	0	0	0	0	0	0	0	1	0	0	590	235	0	0	0	0	18	1	48
fsh-generated/resources/StructureDefinition-tool-usage-assessment.json	1326	1	0	2	1	0	0	0	0	10	0	0	0	0	0	0	0	0	0	0	97	73	0	0	0	0	3	0	0
fsh-generated/resources/StructureDefinition-total-decompression-time.json	1350	10	0	2	0	0	0	0	0	9	0	0	0	0	0	0	0	0	0	0	46	75	0	0	0	0	2	0	0
fsh-generated/resources/StructureDefinition-training-objectives.json	1309	7	0	2	1	0	0	0	0	10	0	0	0	0	0	0	0	0	0	0	53	380	0	0	0	0	3	0	0
fsh-generated/resources/StructureDefinition-treatment-duration.json	1277	3	0	2	1	0	0	0	0	17	0	0	0	0	0	0	0	1	0	0	70	329	0	0	0	0	3	0	0
fsh-generated/resources/StructureDefinition-treatment-table.json	1301	4	0	3	1	0	0	0	0	18	0	0	0	0	0	0	0	0	1	0	114	465	0	0	0	0	3	0	1
fsh-generated/resources/StructureDefinition-ultrasound-monitoring-device.json	1693	8	0	22	1	0	0	0	0	73	0	0	0	0	0	0	0	1	0	0	418	301	0	0	0	0	17	1	10
fsh-generated/resources/StructureDefinition-underwater-communication-system.json	5751	8	0	14	1	0	0	0	0	85	0	0	0	0	0	0	0	2	0	0	1465	354	0	0	0	0	31	0	31
fsh-generated/resources/StructureDefinition-underwater-emergency-response.json	4768	7	0	18	0	0	0	0	0	52	0	0	0	0	0	0	0	0	0	0	661	432	0	0	1	0	19	0	17
fsh-generated/resources/StructureDefinition-vestibular-assessment.json	1440	7	0	3	1	0	0	0	0	42	0	0	0	0	0	0	0	0	0	0	151	368	0	0	0	0	4	0	0
fsh-generated/resources/StructureDefinition-vital-signs-panel.json	6736	4	0	33	0	0	0	0	0	67	0	0	0	0	0	0	0	3	0	0	354	1270	0	0	0	0	29	1	9
fsh-generated/resources/StructureDefinition-xevas-suit-definition.json	3568	7	0	14	0	0	0	0	0	65	0	0	0	0	0	0	0	1	0	0	151	232	0	0	0	0	14	0	1
fsh-generated/resources/SupplyDelivery-ArtemisIII-SuitProvisioning-001.json	707	2	0	0	1	0	0	0	0	29	0	0	0	0	0	0	0	0	0	0	7	68	0	0	0	0	0	0	0
fsh-generated/resources/ValueSet-AircraftFumeExposureValueSet.json	2509	7	0	0	0	0	0	0	0	252	0	0	0	0	0	0	0	0	0	0	11	200	0	0	0	0	2	0	1
fsh-generated/resources/ValueSet-AstronautBackPain.json	1102	5	0	0	0	0	0	0	0	32	0	0	0	0	0	0	0	0	0	0	7	26	0	0	0	0	1	0	0
fsh-generated/resources/ValueSet-GimbalContraindicatedConditions.json	1604	3	0	0	0	0	0	0	0	17	0	0	0	0	0	0	0	0	0	0	9	31	0	0	0	0	0	0	0
fsh-generated/resources/ValueSet-LunarDustToxicityValueSet.json	2303	2	0	0	0	0	0	0	0	50	0	0	0	0	0	0	0	0	0	0	9	32	0	0	0	1	1	0	1
fsh-generated/resources/ValueSet-MuscleStiffnessAndSpaceHealth.json	915	2	0	0	1	0	0	0	0	42	0	0	0	0	0	0	0	0	0	0	8	23	0	0	0	0	1	0	1
fsh-generated/resources/ValueSet-SleepLossHypoxiaEffect.json	1588	6	0	0	0	0	0	0	0	44	0	0	0	0	0	0	0	0	0	0	8	89	0	0	0	0	1	0	0
fsh-generated/resources/ValueSet-SleepLossHypoxiaResponses.json	1456	8	0	0	0	0	0	0	0	13	0	0	0	0	0	0	0	0	0	0	8	207	0	0	0	0	1	0	0
fsh-generated/resources/ValueSet-SpaceAdaptationBoneHealth.json	1601	11	0	0	0	0	0	0	0	13	0	0	0	0	0	0	0	0	0	0	8	75	0	0	0	0	0	0	0
fsh-generated/resources/ValueSet-SpaceRadiationRisksVS.json	829	6	0	0	0	0	0	0	0	8	0	0	0	0	0	0	0	0	0	0	7	90	0	0	0	0	0	0	0
fsh-generated/resources/ValueSet-SpaceTravelBrainChanges.json	1410	8	0	0	0	0	0	0	0	11	0	0	0	0	0	0	0	0	0	0	8	58	0	0	0	0	1	0	0
fsh-generated/resources/ValueSet-SpaceflightStressFactors.json	2796	18	0	0	1	0	0	0	1	10	0	0	0	0	0	0	0	0	0	0	10	39	0	0	0	0	0	0	0
fsh-generated/resources/ValueSet-actigraphy-metric-vs.json	458	10	0	0	0	0	0	0	0	9	0	0	0	0	0	0	0	0	0	0	6	22	0	0	0	0	1	0	0
fsh-generated/resources/ValueSet-antiemetic-medication-vs.json	494	11	0	0	0	0	0	0	0	8	0	0	0	0	0	0	0	0	0	0	7	24	0	0	0	0	0	0	0
fsh-generated/resources/ValueSet-antiemetic-protocol-vs.json	477	8	0	0	0	0	0	0	0	10	0	0	0	0	0	0	0	0	0	0	7	26	0	0	0	0	0	0	0
fsh-generated/resources/ValueSet-antioxidant-biomarker-vs.json	495	7	0	0	1	0	0	0	0	8	0	0	0	0	0	0	0	0	0	0	6	24	0	0	0	0	0	0	0
fsh-generated/resources/ValueSet-artemis-all-devices-vs.json	607	6	0	0	0	0	0	0	0	9	0	0	0	0	0	0	0	0	0	0	6	53	0	0	0	0	1	0	0
fsh-generated/resources/ValueSet-artemis-certified-devices-vs.json	518	1	0	0	0	0	0	0	0	8	0	0	0	0	0	0	0	0	0	0	7	107	0	0	0	0	0	0	0
fsh-generated/resources/ValueSet-artemis-landing-region-vs.json	533	3	0	0	0	0	0	0	0	7	0	0	0	0	0	0	0	0	0	0	6	111	0	0	0	0	0	0	0
fsh-generated/resources/ValueSet-artemis-mission-vs.json	463	7	0	0	0	0	0	0	0	7	0	0	0	0	0	0	0	0	0	0	6	177	0	0	0	0	0	0	0
fsh-generated/resources/ValueSet-artemis-prototype-devices-vs.json	516	20	0	0	0	0	0	0	0	7	0	0	0	0	0	0	0	0	0	0	6	125	0	0	0	0	0	0	0
fsh-generated/resources/ValueSet-behavioral-health-metrics-vs.json	868	4	0	0	1	0	0	0	0	7	0	0	0	0	0	0	0	0	0	0	9	85	0	0	0	0	1	0	0
fsh-generated/resources/ValueSet-behavioral-readiness-vs.json	860	3	0	0	0	0	0	0	0	8	0	0	0	0	0	0	0	0	0	0	7	81	0	0	0	0	0	0	0
fsh-generated/resources/ValueSet-bfrt-device-type-vs.json	443	3	0	0	0	0	0	0	0	6	0	0	0	0	0	0	0	0	0	0	6	82	0	0	0	0	0	0	0
fsh-generated/resources/ValueSet-bfrt-outcome-vs.json	428	5	0	0	0	0	0	0	0	4	0	0	0	0	0	0	0	0	0	0	7	128	0	0	0	0	1	0	0
fsh-generated/resources/ValueSet-bfrt-protocol-vs.json	458	2	0	0	0	0	0	0	0	7	0	0	0	0	0	0	0	0	0	0	5	50	0	0	0	0	0	0	0
fsh-generated/resources/ValueSet-biomanufacturing-process-vs.json	497	3	0	0	0	0	0	0	0	6	0	0	0	0	0	0	0	0	0	0	7	40	0	0	0	0	0	0	0
fsh-generated/resources/ValueSet-bliss-output-vs.json	448	3	0	0	0	0	0	0	0	7	0	0	0	0	0	0	0	0	0	0	6	24	0	0	0	0	1	0	0
fsh-generated/resources/ValueSet-bone-density-method-vs.json	468	1	0	0	0	0	0	0	0	7	0	0	0	0	0	0	0	0	0	0	5	21	0	1	0	0	0	0	0
fsh-generated/resources/ValueSet-bone-density-site-vs.json	1090	1	0	0	1	0	0	0	0	8	0	0	0	0	0	0	0	1	0	0	8	25	0	0	0	0	0	0	2
fsh-generated/resources/ValueSet-calorie-deficit-risk-vs.json	483	1	0	0	0	0	0	0	0	5	0	0	0	0	0	0	0	0	0	0	6	26	0	0	0	0	0	0	0
fsh-generated/resources/ValueSet-cardiac-monitoring-vs.json	466	1	0	0	0	0	0	0	0	6	0	0	0	0	0	0	0	0	0	0	6	23	0	0	0	0	1	0	1
fsh-generated/resources/ValueSet-cgm-device-type-vs.json	441	1	0	0	0	0	0	0	0	6	0	0	0	0	0	0	0	0	0	0	6	24	0	0	0	0	0	0	0
fsh-generated/resources/ValueSet-cgm-metrics-vs.json	426	1	0	0	0	0	0	0	0	6	0	0	0	0	0	0	0	0	0	0	5	23	0	0	0	0	0	0	0
fsh-generated/resources/ValueSet-circadian-assessment-vs.json	492	1	0	0	0	0	0	0	0	6	0	0	0	0	0	0	0	0	0	0	6	30	0	0	0	0	0	0	0
fsh-generated/resources/ValueSet-circadian-phase-vs.json	445	1	0	0	0	0	0	0	0	73	0	0	0	0	0	0	0	0	0	0	6	24	0	0	0	0	1	0	0
fsh-generated/resources/ValueSet-cognitive-performance-indicators-vs.json	964	1	0	0	1	0	0	0	0	20	0	0	0	0	0	0	0	0	0	0	8	21	0	0	0	0	3	0	0
fsh-generated/resources/ValueSet-crewed-mars-missions-vs.json	515	1	0	0	0	0	0	0	0	5	0	0	0	0	0	0	0	0	0	0	7	24	0	0	0	0	2	0	0
fsh-generated/resources/ValueSet-dcs-risk-vs.json	416	1	0	0	0	0	0	0	0	3	0	0	0	0	0	0	0	0	0	0	6	19	0	0	0	0	0	0	0
fsh-generated/resources/ValueSet-decompression-procedures.json	794	1	0	0	0	0	0	0	0	3	0	0	0	0	0	0	0	0	0	0	6	37	0	0	0	0	1	0	4
fsh-generated/resources/ValueSet-diving-contraindicated-conditions.json	1675	1	0	0	0	0	0	0	0	2	0	0	0	0	0	0	0	0	0	0	10	27	0	0	0	0	0	0	0
fsh-generated/resources/ValueSet-diving-medical-examinations.json	1696	1	0	0	1	0	0	0	0	3	0	0	0	0	0	0	0	0	0	0	9	21	0	0	0	0	0	0	0
fsh-generated/resources/ValueSet-dosimeter-type-vs.json	445	1	0	0	0	0	0	0	0	1	0	0	0	0	0	0	0	0	0	0	5	19	0	0	0	0	1	0	0
fsh-generated/resources/ValueSet-ecg-interpretation-vs.json	853	1	0	0	0	0	1	0	0	2	0	0	0	0	0	0	0	0	0	0	7	27	0	0	0	0	0	0	0
fsh-generated/resources/ValueSet-emergency-response-vs.json	478	1	0	0	0	0	0	0	0	2	0	0	0	0	0	0	0	0	0	0	7	20	0	0	0	0	0	0	0
fsh-generated/resources/ValueSet-eva-suit-state-vs.json	443	1	0	0	0	0	0	0	0	2	0	0	0	0	0	0	0	0	0	0	5	19	0	0	0	0	0	0	0
fsh-generated/resources/ValueSet-evs-units-vs.json	603	1	0	0	0	0	0	0	0	2	0	0	0	0	0	0	0	0	0	0	6	38	0	0	0	0	0	0	0
fsh-generated/resources/ValueSet-expanded-specimen-type-vs.json	492	1	0	0	0	0	0	0	0	2	0	0	0	0	0	0	0	0	0	0	6	24	0	0	0	0	0	0	0
fsh-generated/resources/ValueSet-fitness-assessment-result-vs.json	1077	1	0	0	0	0	0	0	0	2	0	0	0	0	0	0	0	0	0	0	7	19	0	0	0	0	1	0	0
fsh-generated/resources/ValueSet-gravity-context-vs.json	469	1	0	0	1	0	0	0	0	2	0	0	0	0	0	0	0	0	0	0	7	19	0	0	0	0	0	0	0
fsh-generated/resources/ValueSet-graybiel-severity-vs.json	492	1	0	0	0	0	0	0	0	2	0	0	0	0	0	0	0	0	0	0	6	21	0	0	0	0	0	0	0
fsh-generated/resources/ValueSet-hydration-type-vs.json	449	2	0	0	0	0	0	0	0	1	0	0	0	0	0	0	0	0	0	0	6	20	0	0	0	0	1	0	0
fsh-generated/resources/ValueSet-hyperbaric-capabilities-vs.json	502	1	0	0	0	0	0	0	0	2	0	0	0	0	0	0	0	0	0	0	6	21	0	0	0	0	0	0	0
fsh-generated/resources/ValueSet-hyperbaric-chamber-type-vs.json	477	1	0	0	1	0	0	0	0	2	0	0	0	0	0	0	0	0	0	0	6	19	0	0	0	0	0	0	0
fsh-generated/resources/ValueSet-ijv-flow-grade-vs.json	449	1	0	0	0	0	0	0	0	3	0	0	0	0	0	0	0	0	0	0	11	19	0	0	0	0	0	0	0
fsh-generated/resources/ValueSet-immune-biomarker-vs.json	453	1	0	0	0	0	0	0	0	5	0	0	0	0	0	0	0	0	0	0	11	21	0	0	0	0	0	0	0
fsh-generated/resources/ValueSet-isolation-syndrome-factors-vs.json	524	2	0	0	1	0	0	0	0	3	0	0	0	0	0	0	0	0	0	0	10	22	0	0	0	0	1	0	0
fsh-generated/resources/ValueSet-iss-crewmember-type-vs.json	606	2	0	0	0	0	0	0	0	4	0	0	0	0	0	0	0	0	0	0	11	16	0	0	0	0	0	0	0
fsh-generated/resources/ValueSet-location-capabilities-vs.json	940	1	0	0	0	0	0	0	0	3	0	0	0	0	0	0	0	0	0	0	7	90	0	0	0	0	0	0	0
fsh-generated/resources/ValueSet-macronutrient-metrics-vs.json	486	1	0	0	0	0	0	0	0	2	0	0	0	0	0	0	0	0	0	0	7	25	0	0	0	0	0	0	0
fsh-generated/resources/ValueSet-mars-all-devices-vs.json	594	1	0	0	0	0	0	0	0	2	0	0	0	0	0	0	0	0	0	0	7	28	0	0	0	0	1	0	0
fsh-generated/resources/ValueSet-mars-devices-certified-vs.json	515	1	0	0	1	0	0	0	0	2	0	0	0	0	0	0	0	0	0	0	6	20	0	0	0	0	0	0	79
fsh-generated/resources/ValueSet-mars-devices-prototype-vs.json	521	1	0	0	1	0	0	0	0	2	0	0	0	0	1	0	0	0	0	0	6	19	0	0	0	0	0	0	0
fsh-generated/resources/ValueSet-mars-landing-sites-vs.json	489	1	0	0	0	0	0	0	0	1	0	0	0	0	0	0	0	0	0	0	6	26	0	0	0	0	0	0	0
fsh-generated/resources/ValueSet-mars-missions-vs.json	478	1	0	0	0	0	0	0	0	2	0	0	0	0	0	0	0	0	0	0	8	44	0	0	0	0	1	0	0
fsh-generated/resources/ValueSet-microbial-contaminant-type-vs.json	508	1	0	0	0	0	0	0	0	2	0	0	0	0	0	0	0	0	0	0	7	21	0	0	0	0	0	0	0
fsh-generated/resources/ValueSet-microgravity-countermeasure-vs.json	550	1	0	0	0	0	0	0	0	2	0	0	0	0	0	0	0	0	0	0	9	22	0	0	0	1	0	0	0
fsh-generated/resources/ValueSet-mission-phase-vs.json	437	1	0	0	0	0	0	0	0	1	0	0	0	0	0	0	0	0	0	0	23	23	0	0	0	0	0	0	0
fsh-generated/resources/ValueSet-mrid-launch-context-name-vs.json	487	1	0	0	1	0	0	0	0	3	0	0	0	0	0	0	0	0	0	0	7	21	0	0	0	0	0	0	0
fsh-generated/resources/ValueSet-mrid-launch-context-type-vs.json	491	1	0	0	0	0	0	0	0	2	0	0	0	0	0	0	0	0	0	0	8	17	0	0	0	0	1	0	0
fsh-generated/resources/ValueSet-nasa-cardiovascular-equipment-vs.json	755	2	0	0	0	0	0	0	0	2	0	0	0	0	0	0	0	0	0	0	8	21	0	0	0	0	0	0	0
fsh-generated/resources/ValueSet-nasa-data-archive-vs.json	485	1	0	0	0	0	0	0	0	1	0	0	0	0	0	0	0	0	0	0	7	26	0	0	0	0	0	0	0
fsh-generated/resources/ValueSet-nasa-exercise-equipment-vs.json	1019	2	0	0	0	0	0	0	0	3	0	0	0	0	0	0	0	0	0	0	9	36	0	0	0	0	1	0	0
fsh-generated/resources/ValueSet-nasa-medical-facility-vs.json	492	2	0	0	0	0	0	0	0	2	0	0	0	0	0	0	0	0	0	0	6	46	0	0	0	0	0	0	0
fsh-generated/resources/ValueSet-nasa-medical-hardware-vs.json	490	3	0	0	0	0	0	0	0	1	0	0	0	0	0	0	0	0	0	0	6	74	0	0	0	0	0	0	0
fsh-generated/resources/ValueSet-nasa-medical-roles-vs.json	474	1	0	0	1	0	0	0	0	2	0	0	0	0	0	0	0	0	0	0	6	45	0	0	0	0	0	0	0
fsh-generated/resources/ValueSet-nasa-mission-phase-vs.json	462	3	0	0	0	0	0	0	0	2	0	0	0	0	0	0	0	0	0	0	8	24	0	0	0	0	0	0	1
fsh-generated/resources/ValueSet-nasa-mrid-discipline-vs.json	489	1	0	0	1	0	0	0	0	2	0	0	0	0	0	0	0	0	0	0	7	23	0	0	0	0	1	0	0
fsh-generated/resources/ValueSet-nasa-mrid-sponsor-vs.json	481	1	0	0	0	0	0	0	1	2	0	0	0	0	0	0	0	0	0	0	7	21	0	0	0	0	0	0	0
fsh-generated/resources/ValueSet-nasa-postflight-offset-vs.json	953	2	0	0	0	0	0	0	0	2	0	0	0	0	0	0	0	0	0	0	9	21	0	0	0	0	0	0	0
fsh-generated/resources/ValueSet-nasa-preflight-offset-vs.json	1267	1	0	0	0	0	0	0	0	2	0	0	0	0	0	0	0	0	0	0	9	28	0	0	0	0	1	0	0
fsh-generated/resources/ValueSet-nasa-radiation-equipment-vs.json	802	1	0	0	0	0	0	0	0	2	0	0	0	0	0	0	0	0	0	0	8	20	0	0	0	0	0	0	0
fsh-generated/resources/ValueSet-nasa-schedule-offset-vs.json	489	1	0	0	1	0	0	0	0	2	0	0	0	0	0	0	0	0	0	0	6	33	0	0	0	0	0	0	0
fsh-generated/resources/ValueSet-nasa-standard-measures-vs.json	502	1	0	0	0	0	0	0	0	2	0	0	0	0	0	0	0	0	0	0	6	20	0	0	0	0	1	0	0
fsh-generated/resources/ValueSet-neutral-buoyancy-training-activities.json	2623	1	0	0	0	0	0	0	0	2	0	0	0	0	0	0	0	0	0	0	12	30	0	0	0	0	0	0	0
fsh-generated/resources/ValueSet-nutrition-inventory-status-vs.json	514	1	0	0	0	0	0	0	0	2	0	0	0	0	0	0	0	0	0	0	6	36	0	0	0	0	1	0	0
fsh-generated/resources/ValueSet-operational-status-vs.json	910	1	0	0	0	0	0	0	0	1	0	0	0	0	0	0	0	0	0	0	7	29	0	0	0	0	0	0	0
fsh-generated/resources/ValueSet-organ-chip-type-vs.json	454	1	0	0	1	0	0	0	0	2	0	0	0	0	0	0	0	0	0	0	7	21	0	0	0	0	0	0	0
fsh-generated/resources/ValueSet-organ-dose-codes-vs-complete.json	1355	1	0	0	0	0	0	0	0	2	0	0	0	0	0	0	0	0	0	0	7	19	0	0	0	0	1	0	0
fsh-generated/resources/ValueSet-parabolic-flight-phase-vs.json	493	2	0	0	0	0	0	0	0	2	0	0	0	0	0	0	0	0	0	0	6	109	0	0	0	0	0	0	0
fsh-generated/resources/ValueSet-planetary-protection-category-vs.json	529	1	0	0	1	1	0	0	0	1	0	0	0	0	0	0	0	0	0	0	7	128	0	0	0	0	0	0	0
fsh-generated/resources/ValueSet-radiation-countermeasures-vs-complete.json	959	3	0	0	0	0	0	0	0	2	0	0	0	0	0	0	0	0	0	0	7	126	0	0	0	0	0	0	0
fsh-generated/resources/ValueSet-radiation-countermeasures-vs.json	498	1	0	0	0	0	0	0	0	2	0	0	0	0	0	0	0	0	0	0	7	104	0	0	0	0	1	0	0
fsh-generated/resources/ValueSet-radiation-detector-type-vs-complete.json	1467	2	0	0	0	0	0	0	0	2	0	0	0	0	0	0	0	0	0	0	9	82	0	0	0	0	1	0	0
fsh-generated/resources/ValueSet-radiation-dose-units-vs.json	977	1	0	0	1	0	0	0	1	2	0	0	0	0	0	0	0	0	0	0	7	133	0	0	0	0	0	0	0
fsh-generated/resources/ValueSet-radioprotective-medication-vs.json	520	1	0	0	0	0	0	0	0	2	0	0	0	0	0	0	0	0	0	0	8	79	0	0	0	0	1	0	0
fsh-generated/resources/ValueSet-regulatory-standards.json	808	3	0	0	0	0	0	0	0	2	0	0	0	0	0	0	0	0	0	0	7	160	0	0	0	0	0	0	0
fsh-generated/resources/ValueSet-sans-assessment-vs.json	448	1	0	0	1	0	0	0	0	1	0	0	0	0	0	0	0	0	0	0	6	34	0	0	0	0	0	0	0
fsh-generated/resources/ValueSet-sleep-architecture-vs.json	466	1	0	0	0	0	0	0	0	2	0	0	0	0	0	0	0	0	0	0	6	37	0	0	0	0	0	0	0
fsh-generated/resources/ValueSet-space-adverse-event-vs.json	484	3	0	0	0	0	0	0	0	2	0	0	0	0	0	0	0	0	0	0	6	58	0	0	0	0	1	0	0
fsh-generated/resources/ValueSet-space-anemia-vs.json	447	1	0	0	0	0	0	0	0	2	0	0	0	0	0	0	0	0	0	0	6	95	0	0	0	0	0	0	0
fsh-generated/resources/ValueSet-space-blood-product-vs.json	475	2	0	0	0	0	0	0	0	2	0	0	0	0	0	0	0	0	0	0	6	115	0	0	0	0	0	0	0
fsh-generated/resources/ValueSet-space-cardiovascular-effects.json	2216	2	0	0	1	0	0	0	1	2	0	0	0	0	0	0	0	0	0	0	9	290	0	0	0	0	0	0	0
fsh-generated/resources/ValueSet-space-emergency-type-vs.json	487	1	0	0	0	0	0	0	0	2	0	0	0	0	0	0	0	0	0	0	6	105	0	0	0	0	1	0	0
fsh-generated/resources/ValueSet-space-environmental-factors.json	2431	1	0	0	0	0	0	0	0	3	0	0	0	0	0	0	0	0	0	0	10	36	0	0	0	0	0	0	0
fsh-generated/resources/ValueSet-space-exercise-modality-vs.json	545	1	0	0	0	0	0	0	0	1	0	0	0	0	0	0	0	0	0	0	6	25	0	0	0	0	1	0	0
fsh-generated/resources/ValueSet-space-monitoring-procedures.json	2103	1	0	0	1	0	0	0	0	3	0	0	0	0	0	0	0	0	0	0	10	33	0	0	0	0	0	0	0
fsh-generated/resources/ValueSet-space-motion-sickness-vs.json	679	1	0	0	0	0	0	0	0	2	0	0	0	0	0	0	0	0	0	0	6	21	0	0	0	0	0	0	0
fsh-generated/resources/ValueSet-space-neurological-effects.json	2050	2	0	0	0	0	0	0	0	2	0	0	0	0	0	0	0	0	0	0	11	34	0	0	0	0	1	0	0
fsh-generated/resources/ValueSet-space-nutrition-type-vs.json	494	1	0	0	0	0	0	0	0	2	0	0	0	0	0	0	0	0	0	0	6	24	0	0	0	0	0	0	0
fsh-generated/resources/ValueSet-space-omics-type-vs.json	452	1	0	0	0	0	0	0	0	2	0	0	0	0	0	0	0	0	0	0	6	19	0	0	0	0	0	0	0
fsh-generated/resources/ValueSet-space-performance-metric-vs.json	539	1	0	0	0	0	0	0	0	2	0	0	0	0	0	0	0	0	0	0	7	23	0	0	0	0	0	0	0
fsh-generated/resources/ValueSet-space-physiological-effects.json	3380	2	0	0	1	0	0	0	0	3	0	0	0	0	0	0	0	1	0	0	12	42	0	0	0	1	1	0	0
fsh-generated/resources/ValueSet-space-pocus-type-vs.json	449	1	0	0	0	0	0	0	0	2	0	0	0	0	0	0	0	0	0	0	6	19	0	0	0	0	0	0	0
fsh-generated/resources/ValueSet-space-psychological-effects.json	2143	1	0	0	1	0	0	0	0	3	0	0	0	0	0	0	0	0	0	0	9	31	0	0	0	0	1	0	0
fsh-generated/resources/ValueSet-space-radiation-dose-codes-vs-complete.json	1447	1	0	0	0	0	0	0	0	2	0	0	0	0	0	0	0	0	0	0	8	16	0	0	1	0	0	0	0
fsh-generated/resources/ValueSet-space-radiation-effects.json	2313	1	0	0	0	0	0	0	1	2	0	0	0	0	0	0	0	0	0	0	10	28	0	0	0	0	2	0	0
fsh-generated/resources/ValueSet-space-radiation-type-vs-complete.json	1061	1	0	0	0	0	0	0	0	2	0	0	0	0	0	0	0	0	0	0	7	20	0	0	0	0	0	0	0
fsh-generated/resources/ValueSet-space-radiation-type-vs.json	475	1	0	0	0	0	0	0	0	2	0	0	0	0	0	0	0	0	0	0	7	19	0	0	0	0	1	0	0
fsh-generated/resources/ValueSet-space-specimen-type-vs.json	968	1	0	0	1	0	0	0	0	2	0	0	0	0	0	0	0	0	0	0	9	21	0	0	0	0	0	0	0
fsh-generated/resources/ValueSet-space-surgical-procedure-vs.json	501	1	0	0	0	0	0	0	0	2	0	0	0	0	0	0	0	0	0	0	6	21	0	0	0	0	1	0	0
fsh-generated/resources/ValueSet-space-transfusion-procedure-vs.json	519	2	0	0	0	0	0	0	0	2	0	0	0	0	0	0	0	0	0	0	6	20	0	0	0	0	0	0	0
fsh-generated/resources/ValueSet-space-visual-effects.json	2248	3	0	0	1	0	0	0	0	2	0	0	0	0	0	0	0	0	0	0	9	30	0	0	0	0	1	0	4
fsh-generated/resources/ValueSet-sterilization-method-vs.json	493	1	0	0	0	0	0	0	0	2	0	0	0	0	0	0	0	0	0	0	8	23	0	0	0	0	0	0	0
fsh-generated/resources/ValueSet-stress-countermeasures-vs.json	532	1	0	0	0	0	0	0	0	2	0	0	0	0	0	0	0	0	0	0	6	32	0	0	0	0	0	0	0
fsh-generated/resources/ValueSet-suit-provisioning-status-vs.json	504	2	0	0	0	0	0	0	0	1	0	0	0	0	0	0	0	0	0	0	6	22	0	0	0	0	0	0	0
fsh-generated/resources/ValueSet-telemedicine-equipment-vs.json	485	1	0	0	0	0	0	0	0	3	0	0	0	0	0	0	0	0	0	0	8	32	0	0	0	0	0	0	0
fsh-generated/resources/ValueSet-telemedicine-modality-vs.json	475	1	0	0	1	0	0	0	0	2	0	0	0	0	0	0	0	0	0	0	7	21	0	0	0	0	0	0	0
fsh-generated/resources/ValueSet-temperature-measurement-method-vs.json	535	3	0	0	0	0	0	0	0	1	0	0	0	0	0	0	0	0	0	0	7	30	0	0	0	0	1	0	0
fsh-generated/resources/ValueSet-underwater-communication-systems.json	2293	2	0	0	1	0	0	0	0	4	0	0	0	0	0	0	0	0	0	0	11	32	0	0	0	0	0	0	0
fsh-generated/resources/ValueSet-underwater-training-procedures.json	1224	1	0	0	0	0	0	0	0	3	0	0	0	0	0	0	0	0	0	0	8	19	0	0	0	0	1	0	0
fsh-generated/resources/ValueSet-water-volume-units-vs.json	656	1	0	0	0	0	0	0	0	3	0	0	0	0	0	0	0	0	0	0	6	34	0	0	0	0	0	0	0
input/resources/StructureDefinition-average-blood-pressure.json	300035	12	0	31	0	0	0	0	0	1	0	0	1	0	0	0	0	2	0	0	401	1356	0	0	13	2	27	1	11
input/resources/StructureDefinition-body-mass-index.json	182973	5	0	25	1	0	0	0	0	0	0	0	0	0	0	0	0	1	0	0	170	731	0	0	1	0	15	0	3
input/resources/StructureDefinition-body-temperature.json	220953	5	0	30	0	0	0	0	0	0	0	0	0	0	0	0	0	1	0	0	215	606	0	0	0	0	20	1	10
input/resources/StructureDefinition-body-weight.json	218536	11	0	25	0	0	0	0	0	0	0	0	0	0	0	0	0	3	0	0	298	1164	0	0	1	0	33	0	5
input/resources/StructureDefinition-bp-device.json	117903	4	0	13	1	0	0	0	0	0	0	0	1	0	0	0	0	0	0	0	153	222	0	0	0	0	14	0	1
input/resources/StructureDefinition-heart-rate.json	229708	6	0	34	0	0	0	0	0	0	0	0	0	0	0	0	0	1	0	0	566	1115	0	0	2	0	43	0	4
input/resources/StructureDefinition-height.json	218779	6	0	23	0	0	0	0	0	0	0	0	0	0	0	0	0	2	0	0	211	2062	0	0	0	0	30	1	9
input/resources/StructureDefinition-oxygen-saturation-arterial-blood-pulseOx.json	274736	7	0	25	0	0	0	0	0	0	0	0	0	0	0	0	0	1	0	0	213	1077	0	0	1	0	26	0	5
input/resources/StructureDefinition-oxygen-saturation-arterial-blood.json	179131	5	0	18	1	0	0	0	0	0	0	0	1	0	0	0	0	1	0	0	178	273	0	0	0	0	17	0	12
input/resources/StructureDefinition-respiratory-rate.json	236840	6	0	22	0	0	0	0	0	0	0	0	0	0	0	0	0	3	0	0	211	307	0	0	1	0	24	0	6
input/resources/StructureDefinition-twenty-four-hour-blood-pressure.json	302526	75	0	27	0	0	0	0	0	0	0	0	0	0	0	0	0	1	0	0	326	436	0	0	0	0	26	1	3
input/resources/StructureDefinitions-BloodPressurePanel.json	389111	11	0	33	1	0	1	0	0	1	0	0	1	0	0	0	0	4	0	0	1575	1636	0	0	1	0	30	0	5
/fsh-generated/includes/fsh-link-references.md	48174	-	-	-	0	0	0	0	0	0	0	0	0	0	0	0	0	0	0	0	0	5	0	0	0	0	0	0	0
/fsh-generated/includes/menu.xml	4551	-	-	-	0	0	0	0	0	0	0	0	0	0	0	0	0	0	0	0	0	1	0	0	0	0	0	0	0
/input/pagecontent/nutrition.md	18742	-	-	-	0	0	0	0	0	0	0	0	0	0	0	0	0	0	0	0	0	1	0	0	0	0	0	0	0
/input/pagecontent/fitness.md	22991	-	-	-	0	0	0	0	0	0	0	0	0	0	0	0	0	0	0	0	1	3	0	0	0	0	0	0	0
/input/pagecontent/motion-sickness.md	3705	-	-	-	0	0	0	0	0	0	0	0	0	0	0	0	0	0	0	0	0	0	0	0	0	0	0	0	0
/input/pagecontent/screening-analog.md	7210	-	-	-	0	0	0	0	0	0	0	0	0	0	0	0	0	0	0	0	0	2	0	0	0	0	0	0	0
/input/pagecontent/eva-systems.md	7986	-	-	-	0	0	0	0	0	0	0	0	0	0	0	0	0	0	0	0	0	5	0	0	0	0	0	0	0
/input/pagecontent/scuba-training.md	23807	-	-	-	0	0	0	0	0	0	0	0	0	0	0	0	0	0	0	0	0	2	0	0	0	0	0	0	0
/input/pagecontent/neurocognitive-monitoring.md	8682	-	-	-	0	0	0	0	0	0	0	0	0	0	0	0	0	0	0	0	0	5	0	0	0	0	0	0	0
/input/pagecontent/missions-marsdirect.md	20371	-	-	-	0	0	0	0	0	0	0	0	0	0	0	0	0	0	0	0	0	1	0	0	0	0	0	0	0
/input/pagecontent/cardiovascular-countermeasures.md	6837	-	-	-	0	0	0	0	0	0	0	0	0	0	0	0	0	0	0	0	0	3	0	0	0	0	0	0	0
/input/pagecontent/space-omics.md	6148	-	-	-	0	0	0	0	0	0	0	0	0	1	0	0	0	0	0	0	0	1	0	0	0	0	0	0	0
/input/pagecontent/space-agriculture.md	6456	-	-	-	0	0	0	0	0	0	0	0	0	0	0	0	0	0	0	0	0	2	0	0	0	0	0	0	0
/input/pagecontent/radiation-tracking.md	32101	-	-	-	0	0	0	0	0	0	0	0	0	0	0	0	0	0	0	0	0	3	0	0	0	0	0	0	1
/input/pagecontent/biomanufacturing.md	8394	-	-	-	0	0	0	0	0	0	0	0	0	0	0	0	0	0	0	0	0	2	0	0	0	0	0	0	0
/input/pagecontent/references.md	53522	-	-	-	0	0	0	0	0	0	0	0	0	0	0	0	0	0	0	0	0	14	0	0	0	0	0	0	0
/input/pagecontent/planetary-protection.md	7267	-	-	-	0	0	0	0	0	0	0	0	0	0	0	0	0	0	0	0	0	2	0	0	0	0	0	0	0
/input/pagecontent/index.md	9985	-	-	-	0	0	0	0	0	0	0	0	0	0	0	0	0	0	0	0	0	1	0	0	0	0	0	0	0
/input/pagecontent/screening-astronaut.md	8393	-	-	-	0	0	0	0	0	0	0	0	0	0	0	0	0	0	0	0	0	0	0	0	0	0	0	0	0
/input/pagecontent/mentalhealth.md	21288	-	-	-	0	0	0	0	0	0	0	0	0	0	0	0	0	0	0	0	1	2	0	0	0	0	0	0	0
/input/pagecontent/nasa-medical-requirements.md	16337	-	-	-	0	0	0	0	0	0	0	0	0	0	0	0	0	0	0	0	0	1	0	0	0	0	0	0	0
/input/pagecontent/missions-artemis.md	34067	-	-	-	0	0	0	0	0	0	0	0	0	0	0	0	0	0	0	0	0	2	0	0	0	0	0	0	0
/input/pagecontent/scenarios.md	7013	-	-	-	0	0	0	0	0	0	0	0	0	0	0	0	0	0	0	0	0	1	0	0	0	0	0	0	0
/input/pagecontent/hyperbaric-medicine.md	11711	-	-	-	0	0	0	0	0	0	0	0	0	0	0	0	0	0	0	0	0	1	0	0	0	1	0	0	0
/input/pagecontent/blood-flow-restriction.md	4648	-	-	-	0	0	0	0	0	0	0	0	0	0	0	0	0	0	0	0	0	1	0	0	0	0	0	0	0
/input/pagecontent/biomes.md	28084	-	-	-	0	0	0	0	0	0	0	0	0	0	0	0	0	0	0	0	0	3	0	0	0	0	0	0	0
/input/pagecontent/eclss.md	43608	-	-	-	0	0	0	0	0	0	0	0	0	0	0	0	0	0	0	0	0	2	0	0	0	0	0	0	0
/input/pagecontent/downloads.md	2927	-	-	-	0	0	0	0	0	0	0	0	0	0	0	0	0	0	0	0	0	1	0	0	0	0	0	0	0
/input/pagecontent/asma-2026-abstracts.md	8390	-	-	-	0	0	0	0	0	0	0	0	0	0	0	0	0	0	0	0	0	1	1	0	0	0	0	0	0
/input/pagecontent/synthea.md	919	-	-	-	0	0	0	0	0	0	0	0	0	0	0	0	0	0	0	0	0	1	0	0	0	0	0	0	0
/input/pagecontent/flight-readiness-pilots.md	5913	-	-	-	0	0	0	0	0	0	0	0	0	0	0	0	0	0	0	0	0	1	0	0	0	0	0	0	0
/input/pagecontent/space-telemedicine.md	9979	-	-	-	0	0	0	0	0	0	0	0	0	0	0	0	0	0	0	0	0	2	0	0	0	0	0	0	0
/input/pagecontent/registry.md	2213	-	-	-	0	0	0	0	0	0	0	0	0	0	0	0	0	0	0	0	0	1	0	0	0	0	0	0	0
/input/pagecontent/crew-rescue.md	8079	-	-	-	0	0	0	0	0	0	0	0	0	0	0	0	0	0	0	0	0	0	0	0	0	0	0	0	0
/input/pagecontent/calorie-restriction.md	0	-	-	-	0	0	0	0	0	0	0	0	0	0	0	0	0	0	0	0	0	0	0	0	0	0	0	0	0
/input/pagecontent/screening-gimbal.md	3309	-	-	-	0	0	0	0	0	0	0	0	0	0	0	0	0	0	0	0	0	1	0	0	0	0	0	0	0
/input/pagecontent/metabolic-hibernation.md	5724	-	-	-	0	0	0	0	0	0	0	0	0	0	0	0	0	0	0	0	0	0	0	0	0	0	0	0	0
/template/config	0	-	-	-	0	0	0	0	0	0	0	0	0	0	0	0	0	0	0	0	0	1	0	0	0	0	0	0	0
/template/config/_config.yml	140	-	-	-	0	0	0	0	0	0	0	0	0	0	0	0	0	0	0	0	0	0	0	0	0	0	0	0	0
/input/images	0	-	-	-	0	0	0	0	0	0	0	0	0	0	0	0	0	0	0	0	0	0	0	0	0	0	0	0	0
/input/images/Artemis.Goals.ndjson	20391	-	-	-	0	0	0	0	0	0	0	0	0	0	0	0	0	0	0	0	0	1	0	0	0	0	0	0	0
/input/images/artemis_i_mission_2021.jpg	193006	-	-	-	0	0	0	0	0	0	0	0	0	0	0	0	0	0	0	0	0	3	0	0	0	0	0	0	0
/input/images/MarsDirect.Locations.ndjson	3513	-	-	-	0	0	0	0	0	0	0	0	0	0	0	0	0	0	0	0	0	1	0	0	0	0	0	0	0
/input/images/artemis_iii_mission_map_2022.jpeg	296046	-	-	-	0	0	0	0	0	0	0	0	0	0	0	0	0	0	0	0	0	8	0	0	0	0	0	0	0
/input/images/484126466_24192826420307039_8644254548584899258_n_2.jpg	202456	-	-	-	0	0	0	0	0	0	0	0	0	0	0	0	0	0	0	0	0	4	0	0	0	0	0	0	0
/input/images/SpaceHealth.Procedures.ndjson	7590	-	-	-	0	0	0	0	0	0	0	0	0	0	0	0	0	0	0	0	0	1	0	0	0	0	0	0	0
/input/images/Artemis.CodeSystems.ndjson	27562	-	-	-	0	0	0	0	0	0	0	0	0	0	0	0	0	0	0	0	0	0	0	0	0	0	0	0	0
/input/images/SpaceHealth.Organizations.ndjson	7824	-	-	-	0	0	0	0	0	0	0	0	0	0	0	0	0	0	0	0	0	1	0	0	0	0	0	0	0
/input/images/Artemis.Organizations.ndjson	2681	-	-	-	0	0	0	0	0	0	0	0	0	0	0	0	0	0	0	0	0	0	0	0	0	0	0	0	0
/input/images/CommercialSpace.Organizations.ndjson	4669	-	-	-	0	0	0	0	0	0	0	0	0	0	0	0	0	0	0	0	0	1	0	0	0	0	0	0	0
/input/images/artemis_iv_mission.jpeg	1812687	-	-	-	0	0	0	0	0	0	0	0	0	0	0	0	0	0	0	0	0	26	0	0	0	0	0	0	0
/input/images/Artemis.Locations.ndjson	6352	-	-	-	0	0	0	0	0	0	0	0	0	0	0	0	0	0	0	0	0	1	0	0	0	0	0	0	0
/input/images/SpaceHealth.Locations.ndjson	16341	-	-	-	0	0	0	0	0	0	0	0	0	0	0	0	0	0	0	0	0	0	0	0	0	0	0	0	0
/input/images/AstronauticalHealthRecordEcosystem.jpg	714538	-	-	-	0	0	0	0	0	0	0	0	0	0	0	0	0	0	0	0	0	6	0	0	0	0	0	0	0
/input/images/Artemis.PlanDefinitions.ndjson	9989	-	-	-	0	0	0	0	0	0	0	0	0	0	0	0	0	0	0	0	0	1	0	0	0	0	0	0	0
/input/images/Artemis.Devices.ndjson	17124	-	-	-	0	0	0	0	0	0	0	0	0	0	0	0	0	0	0	0	0	0	0	0	0	0	0	0	0
/input/images/MarsDirect.ValueSets.ndjson	2613	-	-	-	0	0	0	0	0	0	0	0	0	0	0	0	0	0	0	0	0	1	0	0	0	0	0	0	0
/input/images/Artemis.NutritionProducts.ndjson	10351	-	-	-	0	0	0	0	0	0	0	0	0	0	0	0	0	0	0	0	0	1	0	0	0	0	0	0	0
/input/images/MarsDirect.CodeSystems.ndjson	17948	-	-	-	0	0	0	0	0	0	0	0	0	0	0	0	0	0	0	0	0	0	0	0	0	0	0	0	0
/input/images/NASA.Questionnaires.ndjson	158185	-	-	-	0	0	0	0	0	0	0	0	0	0	0	0	0	0	0	0	0	3	0	0	0	0	0	0	0
/input/images/artemis_ii_mission_october_2021.jpeg	175130	-	-	-	0	0	0	0	0	0	0	0	0	0	0	0	0	0	0	0	0	2	0	0	0	0	0	0	0
/input/images/2001SpaceOdysseyHilton.jpeg	61826	-	-	-	0	0	0	0	0	0	0	0	0	0	0	0	0	0	0	0	0	2	0	0	0	0	0	0	0
/input/images/SpaceHealth.CodeSystems.ndjson	55892	-	-	-	0	0	0	0	0	0	0	0	0	0	0	0	0	0	0	0	0	0	0	0	0	0	0	0	0
/input/images/SpaceHealth.Devices.ndjson	23657	-	-	-	0	0	0	0	0	0	0	0	0	0	0	0	0	0	0	0	0	1	0	0	0	0	0	0	0
/input/images/CommercialSpace.Devices.ndjson	9073	-	-	-	0	0	0	0	0	0	0	0	0	0	0	0	0	0	0	0	0	0	0	0	0	0	0	0	0
/input/images/MarsDirect.Organizations.ndjson	1463	-	-	-	0	0	0	0	0	0	0	0	0	0	0	0	0	0	0	0	0	1	0	0	0	0	0	0	0
/input/images/SpaceHealth.Patients.StarTrek.ndjson	3524	-	-	-	0	0	0	0	0	0	0	0	0	0	0	0	0	0	0	0	0	0	0	0	0	0	0	0	0
/input/images/synthea-space-health-terminal.jpg	109602	-	-	-	0	0	0	0	0	0	0	0	0	0	0	0	0	0	0	0	0	2	0	0	0	0	0	0	0
/input/images/Artemis.ActivityDefinitions.ndjson	1421	-	-	-	0	0	0	0	0	0	0	0	0	0	0	0	0	0	0	0	0	1	0	0	0	0	0	0	0
/input/images/MarsDirect.Devices.ndjson	5119	-	-	-	0	0	0	0	0	0	0	0	0	0	0	0	0	0	0	0	0	0	0	0	0	0	0	0	0
/input/images/SpaceHealth.ValueSets.ndjson	17625	-	-	-	0	0	0	0	0	0	0	0	0	0	0	0	0	0	0	0	0	1	0	0	0	0	0	0	0
/input/images/SpaceHealth.Observations.ndjson	5181	-	-	-	0	0	0	0	0	0	0	0	0	0	0	0	0	0	0	0	0	0	0	0	0	0	0	0	0
/input/images/Artemis.ValueSets.ndjson	2215	-	-	-	0	0	0	0	0	0	0	0	0	0	0	0	0	0	0	0	0	1	0	0	0	0	0	0	0
/input/images/artemis_v_mission_may_2023.jpg	329322	-	-	-	0	0	0	0	0	0	0	0	0	0	0	0	0	0	0	0	0	3	0	0	0	0	0	0	0
/input/images/SpaceHealth.Conditions.ndjson	12953	-	-	-	0	0	0	0	0	0	0	0	0	0	0	0	0	0	0	0	0	1	0	0	0	0	0	0	0
/temp/pages/_includes/artifacts.xml	288433	-	-	-	-	-	-	-	-	-	-	-	-	-	-	-	-	-	-	-	-	12	0	0	0	0	0	0	0
