URL,Version,Status,OIDs,Name,Title,Description,Uses,Used,Sources
http://hl7.org/fhir/ValueSet/action-cardinality-behavior,4.0.1,draft,"2.16.840.1.113883.4.642.3.807",ActionCardinalityBehavior,ActionCardinalityBehavior,"Defines behavior for an action or a group for how many times that item may be repeated.","StructureDefinition/mission-plan,StructureDefinition/mission-timeline-plan","hl7.fhir.r4.core"
http://hl7.org/fhir/ValueSet/action-condition-kind,4.0.1,draft,"2.16.840.1.113883.4.642.3.815",ActionConditionKind,ActionConditionKind,"Defines the kinds of conditions that can appear on actions.","StructureDefinition/mission-plan,StructureDefinition/mission-timeline-plan","hl7.fhir.r4.core"
http://hl7.org/fhir/ValueSet/action-grouping-behavior,4.0.1,draft,"2.16.840.1.113883.4.642.3.799",ActionGroupingBehavior,ActionGroupingBehavior,"Defines organization behavior of a group.","StructureDefinition/mission-plan,StructureDefinition/mission-timeline-plan","hl7.fhir.r4.core"
http://hl7.org/fhir/ValueSet/action-participant-role,4.0.1,draft,"2.16.840.1.113883.4.642.3.796",ActionParticipantRole,Action participant role,"Either a practitioner role or a relationship type.","StructureDefinition/mission-plan,StructureDefinition/mission-timeline-plan,StructureDefinition/bfrt-activity-definition",
http://hl7.org/fhir/ValueSet/action-participant-type,4.0.1,draft,"2.16.840.1.113883.4.642.3.811",ActionParticipantType,ActionParticipantType,"The type of participant for the action.","StructureDefinition/mission-plan,StructureDefinition/mission-timeline-plan,StructureDefinition/bfrt-activity-definition","hl7.fhir.r4.core"
http://hl7.org/fhir/ValueSet/action-precheck-behavior,4.0.1,draft,"2.16.840.1.113883.4.642.3.805",ActionPrecheckBehavior,ActionPrecheckBehavior,"Defines selection frequency behavior for an action or group.","StructureDefinition/mission-plan,StructureDefinition/mission-timeline-plan","hl7.fhir.r4.core"
http://hl7.org/fhir/ValueSet/action-relationship-type,4.0.1,draft,"2.16.840.1.113883.4.642.3.813",ActionRelationshipType,ActionRelationshipType,"Defines the types of relationships between actions.","StructureDefinition/mission-plan,StructureDefinition/mission-timeline-plan","hl7.fhir.r4.core"
http://hl7.org/fhir/ValueSet/action-required-behavior,4.0.1,draft,"2.16.840.1.113883.4.642.3.803",ActionRequiredBehavior,ActionRequiredBehavior,"Defines expectations around whether an action or action group is required.","StructureDefinition/mission-plan,StructureDefinition/mission-timeline-plan","hl7.fhir.r4.core"
http://hl7.org/fhir/ValueSet/action-selection-behavior,4.0.1,draft,"2.16.840.1.113883.4.642.3.801",ActionSelectionBehavior,ActionSelectionBehavior,"Defines selection behavior of a group.","StructureDefinition/mission-plan,StructureDefinition/mission-timeline-plan","hl7.fhir.r4.core"
http://hl7.org/fhir/ValueSet/action-type,4.0.1,draft,"2.16.840.1.113883.4.642.3.809",ActionType,ActionType,"The type of action to be performed.","StructureDefinition/mission-plan,StructureDefinition/mission-timeline-plan","THO"
http://hl7.org/fhir/ValueSet/administration-method-codes,4.0.1,draft,"2.16.840.1.113883.4.642.3.97",SNOMEDCTAdministrationMethodCodes,SNOMED CT Administration Method Codes,"This value set includes some method codes from SNOMED CT - provided as an exemplar","StructureDefinition/antiemetic-administration,StructureDefinition/radioprotective-administration","SCT"
http://hl7.org/fhir/ValueSet/administrative-gender,4.0.1,active,"2.16.840.1.113883.4.642.3.1",AdministrativeGender,AdministrativeGender,"The gender of a person used for administrative purposes.","StructureDefinition/mars-crew-member,StructureDefinition/astronaut","hl7.fhir.r4.core"
http://hl7.org/fhir/ValueSet/adverse-event-actuality,4.0.1,draft,"2.16.840.1.113883.4.642.3.831",AdverseEventActuality,AdverseEventActuality,"Overall nature of the adverse event, e.g. real or potential.","StructureDefinition/space-adverse-event","hl7.fhir.r4.core"
http://hl7.org/fhir/ValueSet/adverse-event-category,4.0.1,draft,"2.16.840.1.113883.4.642.3.833",AdverseEventCategory,AdverseEventCategory,"Overall categorization of the event, e.g. product-related or situational.","StructureDefinition/space-adverse-event","THO"
http://hl7.org/fhir/ValueSet/adverse-event-causality-assess,4.0.1,draft,"2.16.840.1.113883.4.642.3.840",AdverseEventCausalityAssessment,AdverseEventCausalityAssessment,"Codes for the assessment of whether the entity caused the event.","StructureDefinition/space-adverse-event","THO"
http://hl7.org/fhir/ValueSet/adverse-event-causality-method,4.0.1,draft,"2.16.840.1.113883.4.642.3.842",AdverseEventCausalityMethod,AdverseEventCausalityMethod,"TODO.","StructureDefinition/space-adverse-event","THO"
http://hl7.org/fhir/ValueSet/adverse-event-outcome,4.0.1,draft,"2.16.840.1.113883.4.642.3.836",AdverseEventOutcome,AdverseEventOutcome,"TODO (and should this be required?).","StructureDefinition/space-adverse-event","THO"
http://hl7.org/fhir/ValueSet/adverse-event-seriousness,4.0.1,draft,"2.16.840.1.113883.4.642.3.838",AdverseEventSeriousness,AdverseEventSeriousness,"Overall seriousness of this event for the patient.","StructureDefinition/space-adverse-event","THO"
http://hl7.org/fhir/ValueSet/adverse-event-severity,4.0.1,draft,"2.16.840.1.113883.4.642.3.844",AdverseEventSeverity,AdverseEventSeverity,"The severity of the adverse event itself, in direct relation to the subject.","StructureDefinition/space-adverse-event","THO"
http://hl7.org/fhir/ValueSet/approach-site-codes,4.0.1,draft,"2.16.840.1.113883.4.642.3.346",SNOMEDCTAnatomicalStructureForAdministrationSiteCodes,SNOMED CT Anatomical Structure for Administration Site Codes,"This value set includes Anatomical Structure codes from SNOMED CT - provided as an exemplar.","StructureDefinition/antiemetic-administration,StructureDefinition/radioprotective-administration","SCT"
http://hl7.org/fhir/ValueSet/asset-availability,4.0.1,draft,"2.16.840.1.113883.4.642.3.1295",ContractResourceAssetAvailiabilityCodes,Contract Resource Asset Availiability codes,"This value set has asset availability codes.","StructureDefinition/space-insurance-contract","hl7.fhir.r4.core"
http://hl7.org/fhir/ValueSet/basic-resource-type,4.0.1,draft,"2.16.840.1.113883.4.642.3.138",BasicResourceTypes,Basic Resource Types,"This value set defines codes for resources not yet supported by (or which will never be supported by) FHIR.  Many of the codes listed here will eventually be turned into official resources.  However, there is no guarantee that any particular resource will be created nor that the scope will be exactly as defined by the codes presented here.  Codes in this set will be deprecated if/when formal resources are defined that encompass these concepts.","StructureDefinition/space-nutrition-inventory-item","THO"
http://hl7.org/fhir/ValueSet/body-site,4.0.1,draft,"2.16.840.1.113883.4.642.3.141",SNOMEDCTBodyStructures,SNOMED CT Body Structures,"This value set includes all codes from [SNOMED CT](http://snomed.info/sct) where concept is-a 442083009 (Anatomical or acquired body site (body structure)).","StructureDefinition/multi-omics-observation,StructureDefinition/space-transfusion-procedure,StructureDefinition/space-condition,StructureDefinition/spaceflight-anemia-panel,StructureDefinition/habitat-environmental-observation,StructureDefinition/internal-jugular-vein-flow-observation,StructureDefinition/space-specimen-collection,StructureDefinition/decompression-protocol,StructureDefinition/mars-eva-procedure,StructureDefinition/behavioral-health-state,StructureDefinition/circadian-rhythm-assessment,StructureDefinition/space-exercise-activity-group,StructureDefinition/cumulative-stress-burden,StructureDefinition/psychological-countermeasure-activity,StructureDefinition/suit-redundancy-assessment,StructureDefinition/space-exercise-activity-measure,StructureDefinition/bliss-resource-output,StructureDefinition/standard-measures-observation,StructureDefinition/actigraphy-observation,StructureDefinition/parabolic-flight-exposure,StructureDefinition/internal-jugular-vein-area-observation,StructureDefinition/space-nutrition-intake,StructureDefinition/barotrauma-assessment,StructureDefinition/underwater-emergency-response,StructureDefinition/emergency-evacuation-procedure,StructureDefinition/archer-actigraphy-observation,StructureDefinition/space-evs-minutes-per-week,StructureDefinition/decompression-sickness,StructureDefinition/isru-production-log,StructureDefinition/regulatory-compliance-assessment,StructureDefinition/advanced-dive-profile,StructureDefinition/antioxidant-biomarker-panel,StructureDefinition/artemis-radiation-exposure,StructureDefinition/environmental-monitoring,StructureDefinition/cumulative-radiation-dose,StructureDefinition/sans-assessment,StructureDefinition/space-surgical-procedure,StructureDefinition/biomanufacturing-procedure,StructureDefinition/microbial-viability-assay,StructureDefinition/immune-biomarker-panel,StructureDefinition/space-ecg-observation,StructureDefinition/sterilization-procedure,StructureDefinition/communication-session-assessment,StructureDefinition/bfrt-outcome-observation,StructureDefinition/dive-medical-clearance,StructureDefinition/space-joint-health-assessment,StructureDefinition/space-emergency-condition,StructureDefinition/lower-body-negative-pressure-procedure,StructureDefinition/flow-directionality-index-observation,StructureDefinition/internal-jugular-vein-pressure-observation,StructureDefinition/bfrt-activity-definition,StructureDefinition/space-exercise-session,StructureDefinition/hydration-status-observation,StructureDefinition/space-procedure,StructureDefinition/underwater-eva-simulation,StructureDefinition/spaceflight-specimen,StructureDefinition/space-body-temperature,StructureDefinition/bfrt-procedure,StructureDefinition/dive-profile,StructureDefinition/microbial-contamination-condition,StructureDefinition/space-motion-sickness-condition,StructureDefinition/astrodynamics-observation,StructureDefinition/space-cgm-observation,StructureDefinition/space-sleep-study,StructureDefinition/calorie-deficit-assessment,StructureDefinition/enhanced-hyperbaric-treatment,StructureDefinition/telemedicine-consult-request,StructureDefinition/neutral-buoyancy-session,StructureDefinition/hyperbaric-treatment,StructureDefinition/space-radiation-exposure,StructureDefinition/eva-procedure","SCT"
http://hl7.org/fhir/ValueSet/bundle-type,4.0.1,active,"2.16.840.1.113883.4.642.3.620",BundleType,BundleType,"Indicates the purpose of a bundle - how it is intended to be used.","StructureDefinition/gimbal-screening","hl7.fhir.r4.core"
http://hl7.org/fhir/ValueSet/care-plan-activity-kind,4.0.1,draft,"2.16.840.1.113883.4.642.3.145",CarePlanActivityKind,Care Plan Activity Kind,"Resource types defined as part of FHIR that can be represented as in-line definitions of a care plan activity.","StructureDefinition/antiemetic-care-plan,StructureDefinition/bfrt-care-plan,StructureDefinition/emergency-care-plan,StructureDefinition/personalized-countermeasure-plan","hl7.fhir.r4.core"
http://hl7.org/fhir/ValueSet/care-plan-activity-outcome,4.0.1,draft,"2.16.840.1.113883.4.642.3.149",CarePlanActivityOutcome,Care Plan Activity Outcome,"Example codes indicating the outcome of a care plan activity. Note that these are in no way complete and might not even be appropriate for some uses.","StructureDefinition/antiemetic-care-plan,StructureDefinition/bfrt-care-plan,StructureDefinition/emergency-care-plan,StructureDefinition/personalized-countermeasure-plan","SCT"
http://hl7.org/fhir/ValueSet/care-plan-activity-status,4.0.1,draft,"2.16.840.1.113883.4.642.3.146",CarePlanActivityStatus,CarePlanActivityStatus,"Codes that reflect the current state of a care plan activity within its overall life cycle.","StructureDefinition/antiemetic-care-plan,StructureDefinition/bfrt-care-plan,StructureDefinition/emergency-care-plan,StructureDefinition/personalized-countermeasure-plan","hl7.fhir.r4.core"
http://hl7.org/fhir/ValueSet/care-plan-category,4.0.1,draft,"2.16.840.1.113883.4.642.3.148",CarePlanCategory,Care Plan Category,"Example codes indicating the category a care plan falls within.  Note that these are in no way complete and might not even be appropriate for some uses.","StructureDefinition/antiemetic-care-plan,StructureDefinition/bfrt-care-plan,StructureDefinition/emergency-care-plan,StructureDefinition/personalized-countermeasure-plan","SCT"
http://hl7.org/fhir/ValueSet/care-plan-intent,4.0.1,draft,"2.16.840.1.113883.4.642.3.150",CarePlanIntent,Care Plan Intent,"Codes indicating the degree of authority/intentionality associated with a care plan.","StructureDefinition/antiemetic-care-plan,StructureDefinition/bfrt-care-plan,StructureDefinition/emergency-care-plan,StructureDefinition/personalized-countermeasure-plan","hl7.fhir.r4.core"
http://hl7.org/fhir/ValueSet/chromosome-human,4.0.1,draft,"2.16.840.1.113883.4.642.3.224",chromosome-human,chromosome-human,"Chromosome number for human.","StructureDefinition/space-molecular-sequence","THO"
http://hl7.org/fhir/ValueSet/clinical-findings,4.0.1,draft,"2.16.840.1.113883.4.642.3.232",SNOMEDCTClinicalFindings,SNOMED CT Clinical Findings,"This value set includes all the ""Clinical finding"" [SNOMED CT](http://snomed.info/sct) codes - concepts where concept is-a 404684003 (Clinical finding (finding)).","StructureDefinition/metabolic-risk-summary,StructureDefinition/space-radiation-summary,StructureDefinition/mission-plan,StructureDefinition/antiemetic-care-plan,StructureDefinition/bfrt-care-plan,StructureDefinition/emergency-care-plan,StructureDefinition/mission-timeline-plan,StructureDefinition/personalized-countermeasure-plan,StructureDefinition/space-pocus,StructureDefinition/space-cgm-summary","SCT"
http://hl7.org/fhir/ValueSet/communication-category,4.0.1,draft,"2.16.840.1.113883.4.642.3.172",CommunicationCategory,CommunicationCategory,"Codes for general categories of communications such as alerts, instructions, etc.","StructureDefinition/telemedicine-communication","THO"
http://hl7.org/fhir/ValueSet/condition-category,4.0.1,draft,"2.16.840.1.113883.4.642.3.162",ConditionCategoryCodes,Condition Category Codes,"Preferred value set for Condition Categories.","StructureDefinition/space-emergency-condition,StructureDefinition/space-condition,StructureDefinition/decompression-sickness,StructureDefinition/microbial-contamination-condition,StructureDefinition/space-motion-sickness-condition","THO"
http://hl7.org/fhir/ValueSet/condition-clinical,4.0.1,draft,"2.16.840.1.113883.4.642.3.164",ConditionClinicalStatusCodes,Condition Clinical Status Codes,"Preferred value set for Condition Clinical Status.","StructureDefinition/space-emergency-condition,StructureDefinition/space-condition,StructureDefinition/decompression-sickness,StructureDefinition/microbial-contamination-condition,StructureDefinition/space-motion-sickness-condition","THO"
http://hl7.org/fhir/ValueSet/condition-code,4.0.1,draft,"2.16.840.1.113883.4.642.3.161",Condition/Problem/DiagnosisCodes,Condition/Problem/Diagnosis Codes,"Example value set for Condition/Problem/Diagnosis codes.","StructureDefinition/space-transfusion-procedure,StructureDefinition/emergency-evacuation-procedure,StructureDefinition/space-condition,StructureDefinition/bfrt-procedure,StructureDefinition/decompression-protocol,StructureDefinition/mars-eva-procedure,StructureDefinition/decompression-sickness,StructureDefinition/lower-body-negative-pressure-procedure,StructureDefinition/psychological-countermeasure-activity,StructureDefinition/mission-plan,StructureDefinition/enhanced-hyperbaric-treatment,StructureDefinition/neutral-buoyancy-session,StructureDefinition/hyperbaric-treatment,StructureDefinition/mission-timeline-plan,StructureDefinition/parabolic-flight-exposure,StructureDefinition/space-surgical-procedure,StructureDefinition/biomanufacturing-procedure,StructureDefinition/sterilization-procedure,StructureDefinition/underwater-emergency-response,StructureDefinition/dive-medical-clearance,StructureDefinition/space-exercise-session,StructureDefinition/eva-procedure,StructureDefinition/space-procedure,StructureDefinition/underwater-eva-simulation","SCT"
http://hl7.org/fhir/ValueSet/condition-severity,4.0.1,draft,"2.16.840.1.113883.4.642.3.168",Condition/DiagnosisSeverity,Condition/Diagnosis Severity,"Preferred value set for Condition/Diagnosis severity grading.","StructureDefinition/space-emergency-condition,StructureDefinition/space-condition,StructureDefinition/decompression-sickness,StructureDefinition/microbial-contamination-condition","SCT"
http://hl7.org/fhir/ValueSet/condition-stage,4.0.1,draft,"2.16.840.1.113883.4.642.3.170",ConditionStage,Condition Stage,"Example value set for stages of cancer and other conditions.","StructureDefinition/space-emergency-condition,StructureDefinition/space-condition,StructureDefinition/decompression-sickness,StructureDefinition/microbial-contamination-condition,StructureDefinition/space-motion-sickness-condition","SCT"
http://hl7.org/fhir/ValueSet/condition-stage-type,4.0.1,draft,"2.16.840.1.113883.4.642.3.171",ConditionStageType,Condition Stage Type,"Example value set for the type of stages of cancer and other conditions","StructureDefinition/space-emergency-condition,StructureDefinition/space-condition,StructureDefinition/decompression-sickness,StructureDefinition/microbial-contamination-condition,StructureDefinition/space-motion-sickness-condition","SCT"
http://hl7.org/fhir/ValueSet/condition-ver-status,4.0.1,draft,"2.16.840.1.113883.4.642.3.166",ConditionVerificationStatus,ConditionVerificationStatus,"The verification status to support or decline the clinical status of the condition or diagnosis.","StructureDefinition/space-emergency-condition,StructureDefinition/space-condition,StructureDefinition/decompression-sickness,StructureDefinition/microbial-contamination-condition,StructureDefinition/space-motion-sickness-condition","THO"
http://hl7.org/fhir/ValueSet/consent-content-class,4.0.1,draft,"2.16.840.1.113883.4.642.3.747",ConsentContentClass,Consent Content Class,"This value set includes the FHIR resource types, along with some other important content class codes","StructureDefinition/space-insurance-contract","hl7.fhir.r4.core,Other"
http://hl7.org/fhir/ValueSet/contactentity-type,4.0.1,draft,"2.16.840.1.113883.4.642.3.416",ContactEntityType,Contact entity type,"This example value set defines a set of codes that can be used to indicate the purpose for which you would contact a contact party.","StructureDefinition/space-org,StructureDefinition/space-insurance","THO"
http://hl7.org/fhir/ValueSet/contract-action,4.0.1,draft,"2.16.840.1.113883.4.642.3.739",ContractActionCodes,Contract Action Codes,"This value set includes sample Contract Action codes.","StructureDefinition/space-insurance-contract","THO"
http://hl7.org/fhir/ValueSet/contract-actionstatus,4.0.1,draft,"2.16.840.1.113883.4.642.3.1303",ContractResourceActionStatusCodes,Contract Resource Action Status codes,"This value set contract specific codes for action status.","StructureDefinition/space-insurance-contract","hl7.fhir.r4.core"
http://hl7.org/fhir/ValueSet/contract-actorrole,4.0.1,draft,"2.16.840.1.113883.4.642.3.741",ContractActorRoleCodes,Contract Actor Role Codes,"This value set includes sample Contract Actor Role codes.","StructureDefinition/space-insurance-contract","THO"
http://hl7.org/fhir/ValueSet/contract-assetcontext,4.0.1,draft,"2.16.840.1.113883.4.642.3.1297",ContractResourceAssetContextCodes,Contract Resource Asset Context codes,"This value set contract specific codes for asset context.","StructureDefinition/space-insurance-contract","hl7.fhir.r4.core"
http://hl7.org/fhir/ValueSet/contract-assetscope,4.0.1,draft,"2.16.840.1.113883.4.642.3.1293",ContractResourceAssetScopeCodes,Contract Resource Asset Scope codes,"This value set contract specific codes for asset scope.","StructureDefinition/space-insurance-contract","hl7.fhir.r4.core"
http://hl7.org/fhir/ValueSet/contract-assetsubtype,4.0.1,draft,"2.16.840.1.113883.4.642.3.1301",ContractResourceAssetSub-TypeCodes,Contract Resource Asset Sub-Type codes,"This value set contract specific codes for asset subtype.","StructureDefinition/space-insurance-contract","hl7.fhir.r4.core"
http://hl7.org/fhir/ValueSet/contract-assettype,4.0.1,draft,"2.16.840.1.113883.4.642.3.1299",ContractResourceAssetTypeCodes,Contract Resource Asset Type codes,"This value set contract specific codes for asset type.","StructureDefinition/space-insurance-contract","hl7.fhir.r4.core"
http://hl7.org/fhir/ValueSet/contract-content-derivative,4.0.1,draft,"2.16.840.1.113883.4.642.3.745",ContractContentDerivationCodes,Contract Content Derivation Codes,"This is an example set of Content Derivative type codes, which represent the minimal content derived from the basal information source at a specific stage in its lifecycle, which is sufficient to manage that source information, for example, in a repository, registry, processes and workflows, for making access control decisions, and providing query responses.","StructureDefinition/space-insurance-contract","THO"
http://hl7.org/fhir/ValueSet/contract-decision-mode,4.0.1,draft,"2.16.840.1.113883.4.642.3.1291",ContractResourceDecisionModeCodes,Contract Resource Decision Mode codes,"This value set contract specific codes for decision modes.","StructureDefinition/space-insurance-contract","hl7.fhir.r4.core"
http://hl7.org/fhir/ValueSet/contract-definition-subtype,4.0.1,draft,"2.16.840.1.113883.4.642.3.1212",ContractResourceDefinitionSubtypeCodes,Contract Resource Definition Subtype codes,"This value set contract specific codes for status.","StructureDefinition/space-insurance-contract","hl7.fhir.r4.core"
http://hl7.org/fhir/ValueSet/contract-definition-type,4.0.1,draft,"2.16.840.1.113883.4.642.3.1210",ContractResourceDefinitionTypeCodes,Contract Resource Definition Type codes,"This value set contract specific codes for status.","StructureDefinition/space-insurance-contract","hl7.fhir.r4.core"
http://hl7.org/fhir/ValueSet/contract-expiration-type,4.0.1,draft,"2.16.840.1.113883.4.642.3.1214",ContractResourceExpirationTypeCodes,Contract Resource Expiration Type codes,"This value set contract specific codes for status.","StructureDefinition/space-insurance-contract","hl7.fhir.r4.core"
http://hl7.org/fhir/ValueSet/contract-legalstate,4.0.1,draft,"2.16.840.1.113883.4.642.3.1206",ContractResourceLegalStateCodes,Contract Resource Legal State codes,"This value set contract specific codes for status.","StructureDefinition/space-insurance-contract","hl7.fhir.r4.core"
http://hl7.org/fhir/ValueSet/contract-party-role,4.0.1,draft,"2.16.840.1.113883.4.642.3.1224",ContractResourcePartyRoleCodes,Contract Resource Party Role codes,"This value set contract specific codes for offer party participation.","StructureDefinition/space-insurance-contract","hl7.fhir.r4.core"
http://hl7.org/fhir/ValueSet/contract-publicationstatus,4.0.1,draft,"2.16.840.1.113883.4.642.3.1208",ContractResourcePublicationStatusCodes,Contract Resource Publication Status codes,"This value set contract specific codes for status.","StructureDefinition/space-insurance-contract","hl7.fhir.r4.core"
http://hl7.org/fhir/ValueSet/contract-scope,4.0.1,draft,"2.16.840.1.113883.4.642.3.1216",ContractResourceScopeCodes,Contract Resource Scope codes,"This value set contract specific codes for scope.","StructureDefinition/space-insurance-contract","hl7.fhir.r4.core"
http://hl7.org/fhir/ValueSet/contract-security-category,4.0.1,draft,"2.16.840.1.113883.4.642.3.1220",ContractResourceScopeCodes,Contract Resource Scope codes,"This value set contract specific codes for security category.","StructureDefinition/space-insurance-contract","hl7.fhir.r4.core"
http://hl7.org/fhir/ValueSet/contract-security-classification,4.0.1,draft,"2.16.840.1.113883.4.642.3.1218",ContractResourceScopeCodes,Contract Resource Scope codes,"This value set contract specific codes for security classification.","StructureDefinition/space-insurance-contract","hl7.fhir.r4.core"
http://hl7.org/fhir/ValueSet/contract-security-control,4.0.1,draft,"2.16.840.1.113883.4.642.3.1222",ContractResourceSecurityControlCodes,Contract Resource Security Control codes,"This value set contract specific codes for security control.","StructureDefinition/space-insurance-contract","hl7.fhir.r4.core"
http://hl7.org/fhir/ValueSet/contract-signer-type,4.0.1,draft,"2.16.840.1.113883.4.642.3.737",ContractSignerTypeCodes,Contract Signer Type Codes,"This value set includes sample Contract Signer Type codes.","StructureDefinition/space-insurance-contract","THO"
http://hl7.org/fhir/ValueSet/contract-status,4.0.1,draft,"2.16.840.1.113883.4.642.3.743",ContractResourceStatusCodes,Contract Resource Status Codes,"This value set contract specific codes for status.","StructureDefinition/space-insurance-contract","hl7.fhir.r4.core"
http://hl7.org/fhir/ValueSet/contract-subtype,4.0.1,draft,"2.16.840.1.113883.4.642.3.731",ContractSubtypeCodes,Contract Subtype Codes,"This value set includes sample Contract Subtype codes.","StructureDefinition/space-insurance-contract","THO"
http://hl7.org/fhir/ValueSet/contract-term-subtype,4.0.1,draft,"2.16.840.1.113883.4.642.3.735",ContractTermSubtypeCodes,Contract Term Subtype Codes,"This value set includes sample Contract Term SubType codes.","StructureDefinition/space-insurance-contract","THO"
http://hl7.org/fhir/ValueSet/contract-term-type,4.0.1,draft,"2.16.840.1.113883.4.642.3.733",ContractTermTypeCodes,Contract Term Type Codes,"This value set includes sample Contract Term Type codes.","StructureDefinition/space-insurance-contract","THO"
http://hl7.org/fhir/ValueSet/contract-type,4.0.1,draft,"2.16.840.1.113883.4.642.3.729",ContractTypeCodes,Contract Type Codes,"This value set includes sample Contract Type codes.","StructureDefinition/space-insurance-contract","THO"
http://hl7.org/fhir/ValueSet/data-absent-reason,4.0.1,active,"2.16.840.1.113883.4.642.3.5",DataAbsentReason,DataAbsentReason,"Used to specify why the normally expected content of the data element is missing.","StructureDefinition/multi-omics-observation,StructureDefinition/habitat-environmental-observation,StructureDefinition/spaceflight-anemia-panel,StructureDefinition/internal-jugular-vein-flow-observation,StructureDefinition/behavioral-health-state,StructureDefinition/circadian-rhythm-assessment,StructureDefinition/flow-directionality-index-observation,StructureDefinition/space-exercise-activity-group,StructureDefinition/cumulative-stress-burden,StructureDefinition/space-exercise-activity-measure,StructureDefinition/internal-jugular-vein-pressure-observation,StructureDefinition/suit-redundancy-assessment,StructureDefinition/bliss-resource-output,StructureDefinition/standard-measures-observation,StructureDefinition/actigraphy-observation,StructureDefinition/internal-jugular-vein-area-observation,StructureDefinition/space-nutrition-intake,StructureDefinition/barotrauma-assessment,StructureDefinition/hydration-status-observation,StructureDefinition/bone-density-observation,StructureDefinition/archer-actigraphy-observation,StructureDefinition/space-body-temperature,StructureDefinition/space-evs-minutes-per-week,StructureDefinition/isru-production-log,StructureDefinition/advanced-dive-profile,StructureDefinition/regulatory-compliance-assessment,StructureDefinition/dive-profile,StructureDefinition/antioxidant-biomarker-panel,StructureDefinition/astrodynamics-observation,StructureDefinition/space-cgm-observation,StructureDefinition/space-sleep-study,StructureDefinition/artemis-radiation-exposure,StructureDefinition/calorie-deficit-assessment,StructureDefinition/environmental-monitoring,StructureDefinition/cumulative-radiation-dose,StructureDefinition/sans-assessment,StructureDefinition/microbial-viability-assay,StructureDefinition/space-radiation-exposure,StructureDefinition/immune-biomarker-panel,StructureDefinition/space-ecg-observation,StructureDefinition/communication-session-assessment,StructureDefinition/bfrt-outcome-observation,StructureDefinition/space-joint-health-assessment","THO"
http://hl7.org/fhir/ValueSet/days-of-week,4.0.1,active,"2.16.840.1.113883.4.642.3.512",DaysOfWeek,DaysOfWeek,"The days of the week.","StructureDefinition/space-vehicle,StructureDefinition/neutral-buoyancy-facility,StructureDefinition/space-location,StructureDefinition/hyperbaric-chamber,StructureDefinition/habitat-location","hl7.fhir.r4.core"
http://hl7.org/fhir/ValueSet/definition-topic,4.0.1,draft,"2.16.840.1.113883.4.642.3.794",DefinitionTopic,DefinitionTopic,"High-level categorization of the definition, used for searching, sorting, and filtering.","StructureDefinition/mission-plan,StructureDefinition/mission-timeline-plan,StructureDefinition/bfrt-activity-definition","THO"
http://hl7.org/fhir/ValueSet/device-action,4.0.1,draft,"2.16.840.1.113883.4.642.3.425",ProcedureDeviceActionCodes,Procedure Device Action Codes,"Example codes indicating the change that happened to the device during the procedure.  Note that these are in no way complete and might not even be appropriate for some uses.","StructureDefinition/space-transfusion-procedure,StructureDefinition/emergency-evacuation-procedure,StructureDefinition/bfrt-procedure,StructureDefinition/decompression-protocol,StructureDefinition/mars-eva-procedure,StructureDefinition/lower-body-negative-pressure-procedure,StructureDefinition/psychological-countermeasure-activity,StructureDefinition/enhanced-hyperbaric-treatment,StructureDefinition/neutral-buoyancy-session,StructureDefinition/hyperbaric-treatment,StructureDefinition/parabolic-flight-exposure,StructureDefinition/space-surgical-procedure,StructureDefinition/biomanufacturing-procedure,StructureDefinition/sterilization-procedure,StructureDefinition/underwater-emergency-response,StructureDefinition/dive-medical-clearance,StructureDefinition/space-exercise-session,StructureDefinition/eva-procedure,StructureDefinition/space-procedure,StructureDefinition/underwater-eva-simulation","SCT"
http://hl7.org/fhir/ValueSet/device-kind,4.0.1,draft,"2.16.840.1.113883.4.642.3.208",FHIRDeviceTypes,FHIR Device Types,"Codes used to identify medical devices. Includes concepts from SNOMED CT (http://www.snomed.org/) where concept is-a 49062001 (Device)  and is provided as a suggestive example.","StructureDefinition/space-transfusion-procedure,StructureDefinition/emergency-evacuation-procedure,StructureDefinition/bfrt-procedure,StructureDefinition/decompression-protocol,StructureDefinition/mars-eva-procedure,StructureDefinition/lower-body-negative-pressure-procedure,StructureDefinition/psychological-countermeasure-activity,StructureDefinition/enhanced-hyperbaric-treatment,StructureDefinition/neutral-buoyancy-session,StructureDefinition/hyperbaric-treatment,StructureDefinition/parabolic-flight-exposure,StructureDefinition/space-surgical-procedure,StructureDefinition/xevas-suit-definition,StructureDefinition/biomanufacturing-procedure,StructureDefinition/sterilization-procedure,StructureDefinition/underwater-emergency-response,StructureDefinition/dive-medical-clearance,StructureDefinition/space-exercise-session,StructureDefinition/eva-procedure,StructureDefinition/space-procedure,StructureDefinition/underwater-eva-simulation","SCT"
http://hl7.org/fhir/ValueSet/device-nametype,4.0.1,draft,"2.16.840.1.113883.4.642.3.1083",DeviceNameType,DeviceNameType,"The type of name the device is referred by.","StructureDefinition/ultrasound-monitoring-device,StructureDefinition/diving-equipment,StructureDefinition/avatar-organ-chip,StructureDefinition/space-equipment,StructureDefinition/lbnp-countermeasure-system,StructureDefinition/bfrt-device,StructureDefinition/xevas-suit-definition,StructureDefinition/space-cgm-device,StructureDefinition/telemedicine-device,StructureDefinition/bioreactor-device,StructureDefinition/underwater-communication-system,StructureDefinition/radiation-detector","hl7.fhir.r4.core"
http://hl7.org/fhir/ValueSet/device-safety,4.0.1,draft,"2.16.840.1.113883.4.642.3.213",DeviceSafety,Device safety,"Codes used to identify medical devices safety characteristics. These codes are taken from the [NCI Thesaurus](https://ncit.nci.nih.gov/ncitbrowser/pages/home.jsf) and are provided here as a suggestive example.","StructureDefinition/xevas-suit-definition","Other"
http://hl7.org/fhir/ValueSet/device-status,4.0.1,draft,"2.16.840.1.113883.4.642.3.209",FHIRDeviceStatus,FHIRDeviceStatus,"The availability status of the device.","StructureDefinition/ultrasound-monitoring-device,StructureDefinition/diving-equipment,StructureDefinition/avatar-organ-chip,StructureDefinition/space-equipment,StructureDefinition/lbnp-countermeasure-system,StructureDefinition/bfrt-device,StructureDefinition/space-cgm-device,StructureDefinition/telemedicine-device,StructureDefinition/bioreactor-device,StructureDefinition/underwater-communication-system,StructureDefinition/radiation-detector","hl7.fhir.r4.core"
http://hl7.org/fhir/ValueSet/device-status-reason,4.0.1,draft,"2.16.840.1.113883.4.642.3.1081",FHIRDeviceStatusReason,FHIRDeviceStatusReason,"The availability status reason of the device.","StructureDefinition/ultrasound-monitoring-device,StructureDefinition/diving-equipment,StructureDefinition/avatar-organ-chip,StructureDefinition/space-equipment,StructureDefinition/lbnp-countermeasure-system,StructureDefinition/bfrt-device,StructureDefinition/space-cgm-device,StructureDefinition/telemedicine-device,StructureDefinition/bioreactor-device,StructureDefinition/underwater-communication-system,StructureDefinition/radiation-detector","THO"
http://hl7.org/fhir/ValueSet/device-type,4.0.1,draft,"2.16.840.1.113883.4.642.3.1376",DeviceType,Device Type,"Codes used to identify medical devices. Includes concepts from SNOMED CT (http://www.snomed.org/) where concept is-a 49062001 (Device)  and is provided as a suggestive example.","StructureDefinition/ultrasound-monitoring-device,StructureDefinition/diving-equipment,StructureDefinition/space-equipment,StructureDefinition/lbnp-countermeasure-system,StructureDefinition/bioreactor-device","SCT"
http://hl7.org/fhir/ValueSet/diagnosis-role,4.0.1,draft,"2.16.840.1.113883.4.642.3.49",DiagnosisRole,DiagnosisRole,"This value set defines a set of codes that can be used to express the role of a diagnosis on the Encounter or EpisodeOfCare record.","StructureDefinition/autonomous-medical-encounter,StructureDefinition/telemedicine-encounter","THO"
http://hl7.org/fhir/ValueSet/diagnostic-report-status,4.0.1,draft,"2.16.840.1.113883.4.642.3.235",DiagnosticReportStatus,DiagnosticReportStatus,"The status of the diagnostic report.","StructureDefinition/metabolic-risk-summary,StructureDefinition/space-radiation-summary,StructureDefinition/space-pocus,StructureDefinition/space-cgm-summary","hl7.fhir.r4.core"
http://hl7.org/fhir/ValueSet/diagnostic-service-sections,4.0.1,draft,"2.16.840.1.113883.4.642.3.234",DiagnosticServiceSectionCodes,Diagnostic Service Section Codes,"This value set includes all the codes in HL7 V2 table 0074.","StructureDefinition/metabolic-risk-summary,StructureDefinition/space-radiation-summary,StructureDefinition/space-pocus,StructureDefinition/space-cgm-summary","THO (V2)"
http://hl7.org/fhir/ValueSet/encounter-admit-source,4.0.1,draft,"2.16.840.1.113883.4.642.3.257",AdmitSource,Admit source,"This value set defines a set of codes that can be used to indicate from where the patient came in.","StructureDefinition/autonomous-medical-encounter,StructureDefinition/telemedicine-encounter","THO"
http://hl7.org/fhir/ValueSet/encounter-diet,4.0.1,draft,"2.16.840.1.113883.4.642.3.255",Diet,Diet,"This value set defines a set of codes that can be used to indicate dietary preferences or restrictions a patient may have.","StructureDefinition/autonomous-medical-encounter,StructureDefinition/telemedicine-encounter","THO"
http://hl7.org/fhir/ValueSet/encounter-discharge-disposition,4.0.1,draft,"2.16.840.1.113883.4.642.3.259",DischargeDisposition,Discharge disposition,"This value set defines a set of codes that can be used to where the patient left the hospital.","StructureDefinition/autonomous-medical-encounter,StructureDefinition/telemedicine-encounter","THO"
http://hl7.org/fhir/ValueSet/encounter-location-status,4.0.1,draft,"2.16.840.1.113883.4.642.3.262",EncounterLocationStatus,EncounterLocationStatus,"The status of the location.","StructureDefinition/autonomous-medical-encounter,StructureDefinition/telemedicine-encounter","hl7.fhir.r4.core"
http://hl7.org/fhir/ValueSet/encounter-participant-type,4.0.1,draft,"2.16.840.1.113883.4.642.3.250",ParticipantType,Participant type,"This value set defines a set of codes that can be used to indicate how an individual participates in an encounter.","StructureDefinition/autonomous-medical-encounter,StructureDefinition/telemedicine-encounter","THO (V3),THO"
http://hl7.org/fhir/ValueSet/encounter-reason,4.0.1,draft,"2.16.840.1.113883.4.642.3.261",EncounterReasonCodes,Encounter Reason Codes,"This examples value set defines the set of codes that can be used to indicate reasons for an encounter.","StructureDefinition/autonomous-medical-encounter,StructureDefinition/telemedicine-encounter","SCT"
http://hl7.org/fhir/ValueSet/encounter-special-arrangements,4.0.1,draft,"2.16.840.1.113883.4.642.3.253",SpecialArrangements,Special arrangements,"This value set defines a set of codes that can be used to indicate the kinds of special arrangements in place for a patients visit.","StructureDefinition/autonomous-medical-encounter,StructureDefinition/telemedicine-encounter","THO"
http://hl7.org/fhir/ValueSet/encounter-special-courtesy,4.0.1,draft,"2.16.840.1.113883.4.642.3.252",SpecialCourtesy,Special courtesy,"This value set defines a set of codes that can be used to indicate special courtesies provided to the patient.","StructureDefinition/autonomous-medical-encounter,StructureDefinition/telemedicine-encounter","THO (V3)"
http://hl7.org/fhir/ValueSet/encounter-status,4.0.1,draft,"2.16.840.1.113883.4.642.3.246",EncounterStatus,EncounterStatus,"Current state of the encounter.","StructureDefinition/autonomous-medical-encounter,StructureDefinition/telemedicine-encounter","hl7.fhir.r4.core"
http://hl7.org/fhir/ValueSet/encounter-type,4.0.1,draft,"2.16.840.1.113883.4.642.3.248",EncounterType,Encounter type,"This example value set defines a set of codes that can be used to indicate the type of encounter: a specific code indicating type of service provided.","StructureDefinition/autonomous-medical-encounter","THO"
http://hl7.org/fhir/ValueSet/event-status,4.0.1,draft,"2.16.840.1.113883.4.642.3.109",EventStatus,EventStatus,"Codes identifying the lifecycle stage of an event.","StructureDefinition/space-transfusion-procedure,StructureDefinition/emergency-evacuation-procedure,StructureDefinition/bfrt-procedure,StructureDefinition/decompression-protocol,StructureDefinition/mars-eva-procedure,StructureDefinition/lower-body-negative-pressure-procedure,StructureDefinition/psychological-countermeasure-activity,StructureDefinition/enhanced-hyperbaric-treatment,StructureDefinition/neutral-buoyancy-session,StructureDefinition/hyperbaric-treatment,StructureDefinition/parabolic-flight-exposure,StructureDefinition/space-surgical-procedure,StructureDefinition/biomanufacturing-procedure,StructureDefinition/sterilization-procedure,StructureDefinition/underwater-emergency-response,StructureDefinition/dive-medical-clearance,StructureDefinition/space-exercise-session,StructureDefinition/eva-procedure,StructureDefinition/space-procedure,StructureDefinition/underwater-eva-simulation","hl7.fhir.r4.core"
http://hl7.org/fhir/ValueSet/goal-category,4.0.1,draft,"2.16.840.1.113883.4.642.3.275",GoalCategory,Goal category,"Example codes for grouping goals to use for filtering or presentation.","StructureDefinition/mission-plan,StructureDefinition/mission-timeline-plan","THO"
http://hl7.org/fhir/ValueSet/goal-priority,4.0.1,draft,"2.16.840.1.113883.4.642.3.273",GoalPriority,Goal priority,"Indicates the level of importance associated with reaching or sustaining a goal.","StructureDefinition/mission-plan,StructureDefinition/mission-timeline-plan","THO"
http://hl7.org/fhir/ValueSet/goal-start-event,4.0.1,draft,"2.16.840.1.113883.4.642.3.279",GoalStartEvent,Goal start event,"Identifies types of events that might trigger the start of a goal.","StructureDefinition/mission-plan,StructureDefinition/mission-timeline-plan","SCT"
http://hl7.org/fhir/ValueSet/http-verb,4.0.1,active,"2.16.840.1.113883.4.642.3.624",HTTPVerb,HTTPVerb,"HTTP verbs (in the HTTP command line). See [HTTP rfc](https://tools.ietf.org/html/rfc7231) for details.","StructureDefinition/gimbal-screening","hl7.fhir.r4.core"
http://hl7.org/fhir/ValueSet/insuranceplan-applicability,4.0.1,draft,"2.16.840.1.113883.4.642.3.0",BenefitCostApplicability,Benefit cost applicability,"Whether the cost applies to in-network or out-of-network providers.","StructureDefinition/space-insurance","THO"
http://hl7.org/fhir/ValueSet/insuranceplan-type,4.0.1,draft,"2.16.840.1.113883.4.642.3.870",InsurancePlanType,Insurance plan type,"This example value set defines a set of codes that can be used to indicate a type of insurance plan.","StructureDefinition/space-insurance","THO"
http://hl7.org/fhir/ValueSet/item-type,4.0.1,draft,"2.16.840.1.113883.4.642.3.444",QuestionnaireItemType,QuestionnaireItemType,"Distinguishes groups from questions and display text and indicates data type for questions.","StructureDefinition/mrid-questionnaire","hl7.fhir.r4.core"
http://hl7.org/fhir/ValueSet/jurisdiction,4.0.1,active,"2.16.840.1.113883.4.642.3.48",Jurisdiction ValueSet,Jurisdiction,"This value set defines a base set of codes for country, country subdivision and region    for indicating where a resource is intended to be used.             Note: The codes for countries and country subdivisions are taken from    [ISO 3166](https://www.iso.org/iso-3166-country-codes.html)    while the codes for ""supra-national"" regions are from    [UN Standard country or area codes for statistical use (M49)](http://unstats.un.org/unsd/methods/m49/m49.htm).","StructureDefinition/mission-plan,StructureDefinition/mission-timeline-plan,StructureDefinition/bfrt-activity-definition,StructureDefinition/mrid-questionnaire","Other"
http://hl7.org/fhir/ValueSet/languages,4.0.1,draft,"2.16.840.1.113883.4.642.3.20",CommonLanguages,Common Languages,"This value set includes common codes from BCP-47 (http://tools.ietf.org/html/bcp47)","StructureDefinition/space-transfusion-procedure,StructureDefinition/mars-crew-member,StructureDefinition/spaceflight-anemia-panel,StructureDefinition/habitat-environmental-observation,StructureDefinition/mars-eva-procedure,StructureDefinition/bfrt-device,StructureDefinition/behavioral-health-state,StructureDefinition/circadian-rhythm-assessment,StructureDefinition/cumulative-stress-burden,StructureDefinition/suit-redundancy-assessment,StructureDefinition/omics-risk-assessment,StructureDefinition/standard-measures-observation,StructureDefinition/actigraphy-observation,StructureDefinition/space-org,StructureDefinition/parabolic-flight-exposure,StructureDefinition/habitat-location,StructureDefinition/internal-jugular-vein-area-observation,StructureDefinition/space-nutrition-intake,StructureDefinition/autonomous-medical-encounter,StructureDefinition/decompression-sickness,StructureDefinition/emergency-care-plan,StructureDefinition/advanced-dive-profile,StructureDefinition/regulatory-compliance-assessment,StructureDefinition/antioxidant-biomarker-panel,StructureDefinition/mrid-questionnaire,StructureDefinition/antiemetic-medication,StructureDefinition/environmental-monitoring,StructureDefinition/bfrt-care-plan,StructureDefinition/sans-assessment,StructureDefinition/space-surgical-procedure,StructureDefinition/microbial-viability-assay,StructureDefinition/immune-biomarker-panel,StructureDefinition/personalized-countermeasure-plan,StructureDefinition/bfrt-outcome-observation,StructureDefinition/dive-medical-clearance,StructureDefinition/lower-body-negative-pressure-procedure,StructureDefinition/flow-directionality-index-observation,StructureDefinition/space-pocus,StructureDefinition/space-risk-assessment,StructureDefinition/telemedicine-communication,StructureDefinition/mission-timeline-plan,StructureDefinition/bfrt-activity-definition,StructureDefinition/space-exercise-session,StructureDefinition/space-procedure,StructureDefinition/spaceflight-specimen,StructureDefinition/biological-feedstock,StructureDefinition/dive-profile,StructureDefinition/radioprotective-administration,StructureDefinition/telemedicine-device,StructureDefinition/space-sleep-study,StructureDefinition/space-equipment,StructureDefinition/telemedicine-consult-request,StructureDefinition/hyperbaric-treatment,StructureDefinition/neutral-buoyancy-session,StructureDefinition/astronaut,StructureDefinition/space-radiation-exposure,StructureDefinition/multi-omics-observation,StructureDefinition/space-nutrition-product,StructureDefinition/space-condition,StructureDefinition/space-specimen-collection,StructureDefinition/internal-jugular-vein-flow-observation,StructureDefinition/decompression-protocol,StructureDefinition/space-insurance,StructureDefinition/gimbal-screening,StructureDefinition/space-exercise-activity-group,StructureDefinition/psychological-countermeasure-activity,StructureDefinition/space-exercise-activity-measure,StructureDefinition/bliss-resource-output,StructureDefinition/radiation-detector,StructureDefinition/space-molecular-sequence,StructureDefinition/underwater-emergency-response,StructureDefinition/barotrauma-assessment,StructureDefinition/emergency-evacuation-procedure,StructureDefinition/archer-actigraphy-observation,StructureDefinition/space-evs-minutes-per-week,StructureDefinition/antiemetic-care-plan,StructureDefinition/isru-production-log,StructureDefinition/space-cgm-device,StructureDefinition/underwater-communication-system,StructureDefinition/dcs-risk-assessment,StructureDefinition/artemis-radiation-exposure,StructureDefinition/space-insurance-contract,StructureDefinition/cumulative-radiation-dose,StructureDefinition/telemedicine-encounter,StructureDefinition/biomanufacturing-procedure,StructureDefinition/space-ecg-observation,StructureDefinition/sterilization-procedure,StructureDefinition/communication-session-assessment,StructureDefinition/space-nutrition-inventory-item,StructureDefinition/space-joint-health-assessment,StructureDefinition/metabolic-risk-summary,StructureDefinition/space-emergency-condition,StructureDefinition/space-radiation-summary,StructureDefinition/emergency-risk-assessment,StructureDefinition/lbnp-countermeasure-system,StructureDefinition/eva-suit-provisioning-record,StructureDefinition/neutral-buoyancy-facility,StructureDefinition/bioreactor-device,StructureDefinition/internal-jugular-vein-pressure-observation,StructureDefinition/space-blood-product,StructureDefinition/ultrasound-monitoring-device,StructureDefinition/mission-plan,StructureDefinition/space-adverse-event,StructureDefinition/mars-radiation-risk-assessment,StructureDefinition/space-location,StructureDefinition/hyperbaric-chamber,StructureDefinition/hydration-status-observation,StructureDefinition/bone-density-observation,StructureDefinition/space-cgm-summary,StructureDefinition/underwater-eva-simulation,StructureDefinition/radioprotective-medication,StructureDefinition/microbial-contamination-risk,StructureDefinition/space-body-temperature,StructureDefinition/avatar-organ-chip,StructureDefinition/bfrt-procedure,StructureDefinition/microbial-contamination-condition,StructureDefinition/space-motion-sickness-condition,StructureDefinition/astrodynamics-observation,StructureDefinition/space-cgm-observation,StructureDefinition/calorie-deficit-assessment,StructureDefinition/diving-equipment,StructureDefinition/enhanced-hyperbaric-treatment,StructureDefinition/space-vehicle,StructureDefinition/antiemetic-administration,StructureDefinition/xevas-suit-definition,StructureDefinition/eva-procedure","Other"
http://hl7.org/fhir/ValueSet/link-type,4.0.1,active,"2.16.840.1.113883.4.642.3.423",LinkType,LinkType,"The type of link between this patient resource and another patient resource.","StructureDefinition/mars-crew-member,StructureDefinition/astronaut","hl7.fhir.r4.core"
http://hl7.org/fhir/ValueSet/location-mode,4.0.1,draft,"2.16.840.1.113883.4.642.3.330",LocationMode,LocationMode,"Indicates whether a resource instance represents a specific location or a class of locations.","StructureDefinition/space-vehicle,StructureDefinition/neutral-buoyancy-facility,StructureDefinition/space-location,StructureDefinition/hyperbaric-chamber,StructureDefinition/habitat-location","hl7.fhir.r4.core"
http://hl7.org/fhir/ValueSet/location-physical-type,4.0.1,draft,"2.16.840.1.113883.4.642.3.328",LocationType,Location type,"This example value set defines a set of codes that can be used to indicate the physical form of the Location.","StructureDefinition/space-vehicle,StructureDefinition/autonomous-medical-encounter,StructureDefinition/neutral-buoyancy-facility,StructureDefinition/space-location,StructureDefinition/telemedicine-encounter,StructureDefinition/hyperbaric-chamber,StructureDefinition/habitat-location","THO"
http://hl7.org/fhir/ValueSet/location-status,4.0.1,draft,"2.16.840.1.113883.4.642.3.332",LocationStatus,LocationStatus,"Indicates whether the location is still in use.","StructureDefinition/space-vehicle,StructureDefinition/neutral-buoyancy-facility,StructureDefinition/space-location,StructureDefinition/hyperbaric-chamber,StructureDefinition/habitat-location","hl7.fhir.r4.core"
http://hl7.org/fhir/ValueSet/manifestation-or-symptom,4.0.1,draft,"2.16.840.1.113883.4.642.3.169",ManifestationAndSymptomCodes,Manifestation and Symptom Codes,"Example value set for Manifestation and Symptom codes.","StructureDefinition/space-emergency-condition,StructureDefinition/space-condition,StructureDefinition/decompression-sickness,StructureDefinition/microbial-contamination-condition,StructureDefinition/space-motion-sickness-condition","SCT"
http://hl7.org/fhir/ValueSet/marital-status,4.0.1,active,"2.16.840.1.113883.4.642.3.29",Marital Status Codes,MaritalStatus,"This value set defines the set of codes that can be used to indicate the marital status of a person.","StructureDefinition/mars-crew-member,StructureDefinition/astronaut","THO (V3)"
http://hl7.org/fhir/ValueSet/med-admin-perform-function,4.0.1,draft,"2.16.840.1.113883.4.642.3.349",MedicationAdministration Performer Function Codes,Medication administration  performer  function  codes,"MedicationAdministration Performer Function Codes","StructureDefinition/antiemetic-administration,StructureDefinition/radioprotective-administration","THO"
http://hl7.org/fhir/ValueSet/medication-admin-category,4.0.1,draft,"2.16.840.1.113883.4.642.3.347",MedicationAdministration Category Codes,Medication administration  category  codes,"MedicationAdministration Category Codes","StructureDefinition/antiemetic-administration,StructureDefinition/radioprotective-administration","THO"
http://hl7.org/fhir/ValueSet/medication-admin-status,4.0.1,draft,"2.16.840.1.113883.4.642.3.340",MedicationAdministration Status Codes,Medication administration  status  codes,"MedicationAdministration Status Codes","StructureDefinition/antiemetic-administration,StructureDefinition/radioprotective-administration","THO"
http://hl7.org/fhir/ValueSet/medication-as-needed-reason,4.0.1,draft,"2.16.840.1.113883.4.642.3.96",SNOMEDCTMedicationAsNeededReasonCodes,SNOMED CT Medication As Needed Reason Codes,"This value set includes all clinical findings from SNOMED CT - provided as an exemplar value set.","StructureDefinition/telemedicine-consult-request","SCT"
http://hl7.org/fhir/ValueSet/medication-codes,4.0.1,draft,"2.16.840.1.113883.4.642.3.375",SNOMEDCTMedicationCodes,SNOMED CT Medication Codes,"This value set includes all drug or medicament substance codes and all pharmaceutical/biologic products from SNOMED CT - provided as an exemplar value set.","StructureDefinition/antiemetic-administration,StructureDefinition/antiemetic-care-plan,StructureDefinition/bfrt-care-plan,StructureDefinition/emergency-care-plan,StructureDefinition/bfrt-activity-definition,StructureDefinition/radioprotective-administration,StructureDefinition/personalized-countermeasure-plan","SCT"
http://hl7.org/fhir/ValueSet/medication-form-codes,4.0.1,draft,"2.16.840.1.113883.4.642.3.374",SNOMEDCTFormCodes,SNOMED CT Form Codes,"This value set includes all dose form codes from SNOMED CT - provided as an exemplar.","StructureDefinition/radioprotective-medication,StructureDefinition/antiemetic-medication","SCT"
http://hl7.org/fhir/ValueSet/medication-status,4.0.1,draft,"2.16.840.1.113883.4.642.3.376",Medication Status Codes,Medication  status  codes,"Medication Status Codes","StructureDefinition/radioprotective-medication,StructureDefinition/space-nutrition-product,StructureDefinition/antiemetic-medication","hl7.fhir.r4.core"
http://hl7.org/fhir/ValueSet/observation-category,4.0.1,draft,"2.16.840.1.113883.4.642.3.403",ObservationCategoryCodes,Observation Category Codes,"Observation Category codes.","StructureDefinition/multi-omics-observation,StructureDefinition/habitat-environmental-observation,StructureDefinition/spaceflight-anemia-panel,StructureDefinition/internal-jugular-vein-flow-observation,StructureDefinition/behavioral-health-state,StructureDefinition/circadian-rhythm-assessment,StructureDefinition/flow-directionality-index-observation,StructureDefinition/space-exercise-activity-group,StructureDefinition/cumulative-stress-burden,StructureDefinition/space-exercise-activity-measure,StructureDefinition/internal-jugular-vein-pressure-observation,StructureDefinition/suit-redundancy-assessment,StructureDefinition/bliss-resource-output,StructureDefinition/standard-measures-observation,StructureDefinition/actigraphy-observation,StructureDefinition/internal-jugular-vein-area-observation,StructureDefinition/space-nutrition-intake,StructureDefinition/barotrauma-assessment,StructureDefinition/hydration-status-observation,StructureDefinition/bone-density-observation,StructureDefinition/archer-actigraphy-observation,StructureDefinition/space-body-temperature,StructureDefinition/space-evs-minutes-per-week,StructureDefinition/isru-production-log,StructureDefinition/advanced-dive-profile,StructureDefinition/regulatory-compliance-assessment,StructureDefinition/dive-profile,StructureDefinition/antioxidant-biomarker-panel,StructureDefinition/astrodynamics-observation,StructureDefinition/space-cgm-observation,StructureDefinition/space-sleep-study,StructureDefinition/artemis-radiation-exposure,StructureDefinition/calorie-deficit-assessment,StructureDefinition/environmental-monitoring,StructureDefinition/cumulative-radiation-dose,StructureDefinition/sans-assessment,StructureDefinition/microbial-viability-assay,StructureDefinition/space-radiation-exposure,StructureDefinition/immune-biomarker-panel,StructureDefinition/space-ecg-observation,StructureDefinition/communication-session-assessment,StructureDefinition/bfrt-outcome-observation,StructureDefinition/space-joint-health-assessment","THO"
http://hl7.org/fhir/ValueSet/observation-codes,4.0.1,draft,"2.16.840.1.113883.4.642.3.396",LOINCCodes,LOINC Codes,"This value set includes all LOINC codes","StructureDefinition/multi-omics-observation,StructureDefinition/habitat-environmental-observation,StructureDefinition/spaceflight-anemia-panel,StructureDefinition/internal-jugular-vein-flow-observation,StructureDefinition/behavioral-health-state,StructureDefinition/circadian-rhythm-assessment,StructureDefinition/flow-directionality-index-observation,StructureDefinition/space-exercise-activity-group,StructureDefinition/cumulative-stress-burden,StructureDefinition/space-exercise-activity-measure,StructureDefinition/internal-jugular-vein-pressure-observation,StructureDefinition/suit-redundancy-assessment,StructureDefinition/bliss-resource-output,StructureDefinition/mission-plan,StructureDefinition/standard-measures-observation,StructureDefinition/actigraphy-observation,StructureDefinition/mission-timeline-plan,StructureDefinition/internal-jugular-vein-area-observation,StructureDefinition/space-nutrition-intake,StructureDefinition/barotrauma-assessment,StructureDefinition/hydration-status-observation,StructureDefinition/bone-density-observation,StructureDefinition/archer-actigraphy-observation,StructureDefinition/space-body-temperature,StructureDefinition/space-evs-minutes-per-week,StructureDefinition/isru-production-log,StructureDefinition/advanced-dive-profile,StructureDefinition/regulatory-compliance-assessment,StructureDefinition/dive-profile,StructureDefinition/antioxidant-biomarker-panel,StructureDefinition/astrodynamics-observation,StructureDefinition/space-cgm-observation,StructureDefinition/space-sleep-study,StructureDefinition/artemis-radiation-exposure,StructureDefinition/calorie-deficit-assessment,StructureDefinition/environmental-monitoring,StructureDefinition/cumulative-radiation-dose,StructureDefinition/sans-assessment,StructureDefinition/microbial-viability-assay,StructureDefinition/space-radiation-exposure,StructureDefinition/immune-biomarker-panel,StructureDefinition/space-ecg-observation,StructureDefinition/communication-session-assessment,StructureDefinition/bfrt-outcome-observation,StructureDefinition/space-joint-health-assessment","LOINC"
http://hl7.org/fhir/ValueSet/observation-interpretation,4.0.1,active,"2.16.840.1.113883.4.642.3.399",ObservationInterpretationCodes,Observation Interpretation Codes,"A categorical assessment, providing a rough qualitative interpretation of the observation value,    such as “normal”/ “abnormal”,”low” / “high”, “better” / “worse”, “susceptible” / “resistant”, “expected”/ “not expected”.    The value set is intended to be for ANY use where coded representation of an interpretation is needed.             Notes:          This is being communicated in v2.x in OBX-8 (Observation Interpretation), in v3 in ObservationInterpretation (CWE) in R1 (Representative Realm) and in FHIR in    Observation.interpretation. Historically these values come from the laboratory domain, and these codes are extensively    used. The value set binding is extensible, so codes outside the value set that are needed for interpretation concepts    (i.e. particular meanings) that are not included in the value set can be used, and these new codes may also be added to    the value set and published in a future version.","StructureDefinition/multi-omics-observation,StructureDefinition/habitat-environmental-observation,StructureDefinition/spaceflight-anemia-panel,StructureDefinition/internal-jugular-vein-flow-observation,StructureDefinition/behavioral-health-state,StructureDefinition/circadian-rhythm-assessment,StructureDefinition/flow-directionality-index-observation,StructureDefinition/space-exercise-activity-group,StructureDefinition/cumulative-stress-burden,StructureDefinition/space-exercise-activity-measure,StructureDefinition/internal-jugular-vein-pressure-observation,StructureDefinition/suit-redundancy-assessment,StructureDefinition/bliss-resource-output,StructureDefinition/standard-measures-observation,StructureDefinition/actigraphy-observation,StructureDefinition/internal-jugular-vein-area-observation,StructureDefinition/space-nutrition-intake,StructureDefinition/barotrauma-assessment,StructureDefinition/hydration-status-observation,StructureDefinition/bone-density-observation,StructureDefinition/archer-actigraphy-observation,StructureDefinition/space-body-temperature,StructureDefinition/space-evs-minutes-per-week,StructureDefinition/isru-production-log,StructureDefinition/advanced-dive-profile,StructureDefinition/regulatory-compliance-assessment,StructureDefinition/dive-profile,StructureDefinition/antioxidant-biomarker-panel,StructureDefinition/astrodynamics-observation,StructureDefinition/space-cgm-observation,StructureDefinition/space-sleep-study,StructureDefinition/artemis-radiation-exposure,StructureDefinition/calorie-deficit-assessment,StructureDefinition/environmental-monitoring,StructureDefinition/cumulative-radiation-dose,StructureDefinition/sans-assessment,StructureDefinition/microbial-viability-assay,StructureDefinition/space-radiation-exposure,StructureDefinition/immune-biomarker-panel,StructureDefinition/space-ecg-observation,StructureDefinition/communication-session-assessment,StructureDefinition/bfrt-outcome-observation,StructureDefinition/space-joint-health-assessment","THO (V3)"
http://hl7.org/fhir/ValueSet/observation-methods,4.0.1,draft,"2.16.840.1.113883.4.642.3.395",ObservationMethods,Observation Methods,"Observation Method codes from [SNOMED CT](http://snomed.info/sct) where concept is-a 272394005 (Technique (qualifier value)) or is-a 129264002 (Action (qualifier value)) or is-a 386053000 (Evaluation procedure(procedure))","StructureDefinition/multi-omics-observation,StructureDefinition/habitat-environmental-observation,StructureDefinition/spaceflight-anemia-panel,StructureDefinition/internal-jugular-vein-flow-observation,StructureDefinition/behavioral-health-state,StructureDefinition/circadian-rhythm-assessment,StructureDefinition/flow-directionality-index-observation,StructureDefinition/space-exercise-activity-group,StructureDefinition/cumulative-stress-burden,StructureDefinition/space-exercise-activity-measure,StructureDefinition/internal-jugular-vein-pressure-observation,StructureDefinition/suit-redundancy-assessment,StructureDefinition/bliss-resource-output,StructureDefinition/standard-measures-observation,StructureDefinition/actigraphy-observation,StructureDefinition/internal-jugular-vein-area-observation,StructureDefinition/space-nutrition-intake,StructureDefinition/barotrauma-assessment,StructureDefinition/hydration-status-observation,StructureDefinition/archer-actigraphy-observation,StructureDefinition/space-evs-minutes-per-week,StructureDefinition/isru-production-log,StructureDefinition/advanced-dive-profile,StructureDefinition/regulatory-compliance-assessment,StructureDefinition/dive-profile,StructureDefinition/antioxidant-biomarker-panel,StructureDefinition/astrodynamics-observation,StructureDefinition/space-cgm-observation,StructureDefinition/space-sleep-study,StructureDefinition/artemis-radiation-exposure,StructureDefinition/calorie-deficit-assessment,StructureDefinition/environmental-monitoring,StructureDefinition/cumulative-radiation-dose,StructureDefinition/sans-assessment,StructureDefinition/microbial-viability-assay,StructureDefinition/space-radiation-exposure,StructureDefinition/immune-biomarker-panel,StructureDefinition/space-ecg-observation,StructureDefinition/communication-session-assessment,StructureDefinition/bfrt-outcome-observation,StructureDefinition/space-joint-health-assessment","SCT"
http://hl7.org/fhir/ValueSet/observation-status,4.0.1,active,"2.16.840.1.113883.4.642.3.400",ObservationStatus,ObservationStatus,"Codes providing the status of an observation.","StructureDefinition/multi-omics-observation,StructureDefinition/spaceflight-anemia-panel,StructureDefinition/habitat-environmental-observation,StructureDefinition/internal-jugular-vein-flow-observation,StructureDefinition/behavioral-health-state,StructureDefinition/circadian-rhythm-assessment,StructureDefinition/space-exercise-activity-group,StructureDefinition/cumulative-stress-burden,StructureDefinition/suit-redundancy-assessment,StructureDefinition/space-exercise-activity-measure,StructureDefinition/bliss-resource-output,StructureDefinition/omics-risk-assessment,StructureDefinition/standard-measures-observation,StructureDefinition/actigraphy-observation,StructureDefinition/internal-jugular-vein-area-observation,StructureDefinition/space-nutrition-intake,StructureDefinition/barotrauma-assessment,StructureDefinition/archer-actigraphy-observation,StructureDefinition/space-evs-minutes-per-week,StructureDefinition/isru-production-log,StructureDefinition/regulatory-compliance-assessment,StructureDefinition/advanced-dive-profile,StructureDefinition/antioxidant-biomarker-panel,StructureDefinition/dcs-risk-assessment,StructureDefinition/artemis-radiation-exposure,StructureDefinition/environmental-monitoring,StructureDefinition/cumulative-radiation-dose,StructureDefinition/sans-assessment,StructureDefinition/microbial-viability-assay,StructureDefinition/immune-biomarker-panel,StructureDefinition/space-ecg-observation,StructureDefinition/communication-session-assessment,StructureDefinition/bfrt-outcome-observation,StructureDefinition/space-joint-health-assessment,StructureDefinition/emergency-risk-assessment,StructureDefinition/flow-directionality-index-observation,StructureDefinition/internal-jugular-vein-pressure-observation,StructureDefinition/space-risk-assessment,StructureDefinition/mars-radiation-risk-assessment,StructureDefinition/hydration-status-observation,StructureDefinition/bone-density-observation,StructureDefinition/microbial-contamination-risk,StructureDefinition/space-body-temperature,StructureDefinition/dive-profile,StructureDefinition/astrodynamics-observation,StructureDefinition/space-cgm-observation,StructureDefinition/space-sleep-study,StructureDefinition/calorie-deficit-assessment,StructureDefinition/space-radiation-exposure","hl7.fhir.r4.core"
http://hl7.org/fhir/ValueSet/organization-type,4.0.1,draft,"2.16.840.1.113883.4.642.3.414",OrganizationType,Organization type,"This example value set defines a set of codes that can be used to indicate a type of organization.","StructureDefinition/space-org","THO"
http://hl7.org/fhir/ValueSet/orientation-type,4.0.1,draft,"2.16.840.1.113883.4.642.3.987",orientationType,orientationType,"Type for orientation.","StructureDefinition/space-molecular-sequence","hl7.fhir.r4.core"
http://hl7.org/fhir/ValueSet/participant-role,4.0.1,draft,"2.16.840.1.113883.4.642.3.152",ParticipantRoles,Participant Roles,"Roles of participants that may be included in a care team.  Defined as: Is a Person, Healthcare professional (occupation) or Healthcare related organization (qualifier value).","StructureDefinition/telemedicine-consult-request","SCT"
http://hl7.org/fhir/ValueSet/patient-contactrelationship,4.0.1,active,"2.16.840.1.113883.4.642.3.1130",PatientContactRelationship,Patient Contact Relationship ,"The nature of the relationship between the patient and the contact person.","StructureDefinition/mars-crew-member,StructureDefinition/astronaut","THO (V2)"
http://hl7.org/fhir/ValueSet/performer-role,4.0.1,draft,"2.16.840.1.113883.4.642.3.433",ProcedurePerformerRoleCodes,Procedure Performer Role Codes,"This example value set defines the set of codes that can be used to indicate a role of a procedure performer.","StructureDefinition/space-transfusion-procedure,StructureDefinition/emergency-evacuation-procedure,StructureDefinition/bfrt-procedure,StructureDefinition/decompression-protocol,StructureDefinition/mars-eva-procedure,StructureDefinition/lower-body-negative-pressure-procedure,StructureDefinition/psychological-countermeasure-activity,StructureDefinition/enhanced-hyperbaric-treatment,StructureDefinition/neutral-buoyancy-session,StructureDefinition/hyperbaric-treatment,StructureDefinition/parabolic-flight-exposure,StructureDefinition/space-surgical-procedure,StructureDefinition/biomanufacturing-procedure,StructureDefinition/sterilization-procedure,StructureDefinition/underwater-emergency-response,StructureDefinition/dive-medical-clearance,StructureDefinition/space-exercise-session,StructureDefinition/eva-procedure,StructureDefinition/space-procedure,StructureDefinition/underwater-eva-simulation","SCT"
http://hl7.org/fhir/ValueSet/plan-definition-type,4.0.1,draft,"2.16.840.1.113883.4.642.3.797",PlanDefinitionType,PlanDefinitionType,"The type of PlanDefinition.","StructureDefinition/mission-plan,StructureDefinition/mission-timeline-plan","THO"
http://hl7.org/fhir/ValueSet/procedure-category,4.0.1,draft,"2.16.840.1.113883.4.642.3.430",ProcedureCategoryCodes(SNOMEDCT),Procedure Category Codes (SNOMED CT),"Procedure Category code: A selection of relevant SNOMED CT codes.","StructureDefinition/space-transfusion-procedure,StructureDefinition/emergency-evacuation-procedure,StructureDefinition/bfrt-procedure,StructureDefinition/decompression-protocol,StructureDefinition/mars-eva-procedure,StructureDefinition/lower-body-negative-pressure-procedure,StructureDefinition/psychological-countermeasure-activity,StructureDefinition/enhanced-hyperbaric-treatment,StructureDefinition/neutral-buoyancy-session,StructureDefinition/hyperbaric-treatment,StructureDefinition/parabolic-flight-exposure,StructureDefinition/space-surgical-procedure,StructureDefinition/biomanufacturing-procedure,StructureDefinition/sterilization-procedure,StructureDefinition/underwater-emergency-response,StructureDefinition/dive-medical-clearance,StructureDefinition/space-exercise-session,StructureDefinition/eva-procedure,StructureDefinition/space-procedure,StructureDefinition/underwater-eva-simulation","SCT"
http://hl7.org/fhir/ValueSet/procedure-code,4.0.1,draft,"2.16.840.1.113883.4.642.3.427",ProcedureCodes(SNOMEDCT),Procedure Codes (SNOMED CT),"Procedure Code: All SNOMED CT procedure codes.","StructureDefinition/mars-eva-procedure,StructureDefinition/hyperbaric-treatment,StructureDefinition/dive-medical-clearance,StructureDefinition/eva-procedure,StructureDefinition/personalized-countermeasure-plan,StructureDefinition/space-exercise-session,StructureDefinition/space-procedure,StructureDefinition/space-blood-product","SCT"
http://hl7.org/fhir/ValueSet/procedure-followup,4.0.1,draft,"2.16.840.1.113883.4.642.3.429",ProcedureFollowUpCodes(SNOMEDCT),Procedure Follow up Codes (SNOMED CT),"Procedure follow up codes: A selection of SNOMED CT codes relevant to procedure follow up.","StructureDefinition/space-transfusion-procedure,StructureDefinition/emergency-evacuation-procedure,StructureDefinition/bfrt-procedure,StructureDefinition/decompression-protocol,StructureDefinition/mars-eva-procedure,StructureDefinition/lower-body-negative-pressure-procedure,StructureDefinition/psychological-countermeasure-activity,StructureDefinition/enhanced-hyperbaric-treatment,StructureDefinition/neutral-buoyancy-session,StructureDefinition/hyperbaric-treatment,StructureDefinition/parabolic-flight-exposure,StructureDefinition/space-surgical-procedure,StructureDefinition/biomanufacturing-procedure,StructureDefinition/sterilization-procedure,StructureDefinition/underwater-emergency-response,StructureDefinition/dive-medical-clearance,StructureDefinition/space-exercise-session,StructureDefinition/eva-procedure,StructureDefinition/space-procedure,StructureDefinition/underwater-eva-simulation","SCT"
http://hl7.org/fhir/ValueSet/procedure-not-performed-reason,4.0.1,active,"2.16.840.1.113883.4.642.3.431",ProcedureNotPerformedReason(SNOMED-CT),Procedure Not Performed Reason (SNOMED-CT),"Situation codes describing the reason that a procedure, which might otherwise be expected, was not performed, or a procedure that was started and was not completed. Consists of SNOMED CT codes, children of procedure contraindicated (183932001), procedure discontinued (416406003), procedure not done (416237000), procedure not indicated (428119001), procedure not offered (416064006), procedure not wanted (416432009), procedure refused (183944003), and procedure stopped (394908001).","StructureDefinition/space-transfusion-procedure,StructureDefinition/emergency-evacuation-procedure,StructureDefinition/bfrt-procedure,StructureDefinition/decompression-protocol,StructureDefinition/mars-eva-procedure,StructureDefinition/lower-body-negative-pressure-procedure,StructureDefinition/psychological-countermeasure-activity,StructureDefinition/enhanced-hyperbaric-treatment,StructureDefinition/neutral-buoyancy-session,StructureDefinition/hyperbaric-treatment,StructureDefinition/parabolic-flight-exposure,StructureDefinition/space-surgical-procedure,StructureDefinition/biomanufacturing-procedure,StructureDefinition/sterilization-procedure,StructureDefinition/underwater-emergency-response,StructureDefinition/dive-medical-clearance,StructureDefinition/space-exercise-session,StructureDefinition/eva-procedure,StructureDefinition/space-procedure,StructureDefinition/underwater-eva-simulation","SCT"
http://hl7.org/fhir/ValueSet/procedure-outcome,4.0.1,draft,"2.16.840.1.113883.4.642.3.428",ProcedureOutcomeCodes(SNOMEDCT),Procedure Outcome Codes (SNOMED CT),"Procedure Outcome code: A selection of relevant SNOMED CT codes.","StructureDefinition/space-transfusion-procedure,StructureDefinition/emergency-evacuation-procedure,StructureDefinition/bfrt-procedure,StructureDefinition/decompression-protocol,StructureDefinition/mars-eva-procedure,StructureDefinition/lower-body-negative-pressure-procedure,StructureDefinition/enhanced-hyperbaric-treatment,StructureDefinition/neutral-buoyancy-session,StructureDefinition/hyperbaric-treatment,StructureDefinition/parabolic-flight-exposure,StructureDefinition/space-surgical-procedure,StructureDefinition/biomanufacturing-procedure,StructureDefinition/sterilization-procedure,StructureDefinition/underwater-emergency-response,StructureDefinition/dive-medical-clearance,StructureDefinition/space-exercise-session,StructureDefinition/eva-procedure,StructureDefinition/space-procedure,StructureDefinition/underwater-eva-simulation","SCT"
http://hl7.org/fhir/ValueSet/procedure-reason,4.0.1,draft,"2.16.840.1.113883.4.642.3.432",ProcedureReasonCodes,Procedure Reason Codes,"This example value set defines the set of codes that can be used to indicate a reason for a procedure.","StructureDefinition/space-transfusion-procedure,StructureDefinition/emergency-evacuation-procedure,StructureDefinition/bfrt-procedure,StructureDefinition/decompression-protocol,StructureDefinition/mars-eva-procedure,StructureDefinition/lower-body-negative-pressure-procedure,StructureDefinition/enhanced-hyperbaric-treatment,StructureDefinition/telemedicine-consult-request,StructureDefinition/neutral-buoyancy-session,StructureDefinition/hyperbaric-treatment,StructureDefinition/parabolic-flight-exposure,StructureDefinition/space-surgical-procedure,StructureDefinition/biomanufacturing-procedure,StructureDefinition/sterilization-procedure,StructureDefinition/underwater-emergency-response,StructureDefinition/dive-medical-clearance,StructureDefinition/space-exercise-session,StructureDefinition/eva-procedure,StructureDefinition/space-procedure,StructureDefinition/underwater-eva-simulation","SCT"
http://hl7.org/fhir/ValueSet/product-category,4.0.1,draft,"2.16.840.1.113883.4.642.3.900",BiologicallyDerivedProductCategory,BiologicallyDerivedProductCategory,"Biologically Derived Product Category.","StructureDefinition/space-blood-product","hl7.fhir.r4.core"
http://hl7.org/fhir/ValueSet/product-status,4.0.1,draft,"2.16.840.1.113883.4.642.3.902",BiologicallyDerivedProductStatus,BiologicallyDerivedProductStatus,"Biologically Derived Product Status.","StructureDefinition/space-blood-product","hl7.fhir.r4.core"
http://hl7.org/fhir/ValueSet/product-storage-scale,4.0.1,draft,"2.16.840.1.113883.4.642.3.904",BiologicallyDerivedProductStorageScale,BiologicallyDerivedProductStorageScale,"BiologicallyDerived Product Storage Scale.","StructureDefinition/space-blood-product","hl7.fhir.r4.core"
http://hl7.org/fhir/ValueSet/provenance-agent-role,4.0.1,draft,"2.16.840.1.113883.4.642.3.1305",ProvenanceParticipantRole,Provenance participant role,"The role that a provenance participant played","StructureDefinition/space-insurance-contract","hl7.fhir.r4.core"
http://hl7.org/fhir/ValueSet/provenance-agent-type,4.0.1,draft,"2.16.840.1.113883.4.642.3.1003",ProvenanceParticipantType,Provenance participant type,"The type of participation a provenance participant.","StructureDefinition/space-insurance-contract","THO"
http://hl7.org/fhir/ValueSet/publication-status,4.0.1,active,"2.16.840.1.113883.4.642.3.3",PublicationStatus,PublicationStatus,"The lifecycle status of an artifact.","StructureDefinition/mission-plan,StructureDefinition/mission-timeline-plan,StructureDefinition/bfrt-activity-definition,StructureDefinition/space-insurance,StructureDefinition/mrid-questionnaire","hl7.fhir.r4.core"
http://hl7.org/fhir/ValueSet/quality-type,4.0.1,draft,"2.16.840.1.113883.4.642.3.228",qualityType,qualityType,"Type for quality report.","StructureDefinition/space-molecular-sequence","hl7.fhir.r4.core"
http://hl7.org/fhir/ValueSet/quantity-comparator,4.0.1,active,"2.16.840.1.113883.4.642.3.59",QuantityComparator,QuantityComparator,"How the Quantity should be understood and represented.","StructureDefinition/spaceflight-anemia-panel,StructureDefinition/internal-jugular-vein-flow-observation,StructureDefinition/behavioral-health-state,StructureDefinition/communication-latency,StructureDefinition/maximum-depth-reached,StructureDefinition/circadian-rhythm-assessment,StructureDefinition/cumulative-stress-burden,StructureDefinition/suit-redundancy-assessment,StructureDefinition/radiation-detector,StructureDefinition/bliss-resource-output,StructureDefinition/biobank-location,StructureDefinition/rehydration-requirement,StructureDefinition/actigraphy-observation,StructureDefinition/lbnp-pressure-level,StructureDefinition/internal-jugular-vein-area-observation,StructureDefinition/space-nutrition-intake,StructureDefinition/maximum-pressure,StructureDefinition/archer-actigraphy-observation,StructureDefinition/space-evs-minutes-per-week,StructureDefinition/isru-production-log,StructureDefinition/advanced-dive-profile,StructureDefinition/antioxidant-biomarker-panel,StructureDefinition/underwater-communication-system,StructureDefinition/artemis-radiation-exposure,StructureDefinition/cumulative-radiation-dose,StructureDefinition/sans-assessment,StructureDefinition/occlusion-pressure,StructureDefinition/microbial-viability-assay,StructureDefinition/immune-biomarker-panel,StructureDefinition/space-ecg-observation,StructureDefinition/communication-session-assessment,StructureDefinition/bfrt-outcome-observation,StructureDefinition/space-joint-health-assessment,StructureDefinition/oxygen-concentration,StructureDefinition/maximum-depth,StructureDefinition/flow-directionality-index-observation,StructureDefinition/harness-load,StructureDefinition/hydration-deficit,StructureDefinition/internal-jugular-vein-pressure-observation,StructureDefinition/hydration-status-observation,StructureDefinition/bone-density-observation,StructureDefinition/space-body-temperature,StructureDefinition/shielding-mass,StructureDefinition/dive-profile,StructureDefinition/space-cgm-observation,StructureDefinition/space-sleep-study,StructureDefinition/calorie-deficit-assessment,StructureDefinition/energy-expenditure,StructureDefinition/space-radiation-exposure,StructureDefinition/communication-delay","hl7.fhir.r4.core"
http://hl7.org/fhir/ValueSet/questionnaire-answers,4.0.1,draft,"2.16.840.1.113883.4.642.3.446",QuestionnaireAnswerCodes,Questionnaire Answer Codes,"Example list of codes for answers to questions. (Not complete or necessarily appropriate.)","StructureDefinition/mrid-questionnaire","SCT"
http://hl7.org/fhir/ValueSet/questionnaire-enable-behavior,4.0.1,draft,"2.16.840.1.113883.4.642.3.1007",EnableWhenBehavior,EnableWhenBehavior,"Controls how multiple enableWhen values are interpreted -  whether all or any must be true.","StructureDefinition/mrid-questionnaire","hl7.fhir.r4.core"
http://hl7.org/fhir/ValueSet/questionnaire-enable-operator,4.0.1,draft,"2.16.840.1.113883.4.642.3.1005",QuestionnaireItemOperator,QuestionnaireItemOperator,"The criteria by which a question is enabled.","StructureDefinition/mrid-questionnaire","hl7.fhir.r4.core"
http://hl7.org/fhir/ValueSet/questionnaire-questions,4.0.1,draft,"2.16.840.1.113883.4.642.3.443",QuestionnaireQuestionCodes,Questionnaire Question Codes,"Example list of codes for questions and groups of questions. (Not necessarily complete or appropriate.)","StructureDefinition/mrid-questionnaire","LOINC"
http://hl7.org/fhir/ValueSet/reason-medication-given-codes,4.0.1,draft,"2.16.840.1.113883.4.642.3.344",ReasonMedicationGivenCodes,Reason Medication Given Codes,"This value set is provided as an example. The value set to instantiate this attribute should be drawn from a robust terminology code system that consists of or contains concepts to support the medication process.","StructureDefinition/antiemetic-administration,StructureDefinition/radioprotective-administration","THO"
http://hl7.org/fhir/ValueSet/reason-medication-not-given-codes,4.0.1,draft,"2.16.840.1.113883.4.642.3.342",SNOMEDCTReasonMedicationNotGivenCodes,SNOMED CT Reason Medication Not Given Codes,"This value set includes all medication refused, medication not administered, and non-administration of necessary drug or medicine codes from SNOMED CT - provided as an exemplar value set.","StructureDefinition/antiemetic-administration,StructureDefinition/radioprotective-administration","SCT"
http://hl7.org/fhir/ValueSet/referencerange-appliesto,4.0.1,draft,"2.16.840.1.113883.4.642.3.407",ObservationReferenceRangeAppliesToCodes,Observation Reference Range Applies To Codes,"This value set defines a set of codes that can be used to indicate the particular target population the reference range applies to.","StructureDefinition/multi-omics-observation,StructureDefinition/habitat-environmental-observation,StructureDefinition/spaceflight-anemia-panel,StructureDefinition/internal-jugular-vein-flow-observation,StructureDefinition/behavioral-health-state,StructureDefinition/circadian-rhythm-assessment,StructureDefinition/flow-directionality-index-observation,StructureDefinition/space-exercise-activity-group,StructureDefinition/cumulative-stress-burden,StructureDefinition/space-exercise-activity-measure,StructureDefinition/internal-jugular-vein-pressure-observation,StructureDefinition/suit-redundancy-assessment,StructureDefinition/bliss-resource-output,StructureDefinition/standard-measures-observation,StructureDefinition/actigraphy-observation,StructureDefinition/internal-jugular-vein-area-observation,StructureDefinition/space-nutrition-intake,StructureDefinition/barotrauma-assessment,StructureDefinition/hydration-status-observation,StructureDefinition/bone-density-observation,StructureDefinition/archer-actigraphy-observation,StructureDefinition/space-body-temperature,StructureDefinition/space-evs-minutes-per-week,StructureDefinition/isru-production-log,StructureDefinition/advanced-dive-profile,StructureDefinition/regulatory-compliance-assessment,StructureDefinition/dive-profile,StructureDefinition/antioxidant-biomarker-panel,StructureDefinition/astrodynamics-observation,StructureDefinition/space-cgm-observation,StructureDefinition/space-sleep-study,StructureDefinition/artemis-radiation-exposure,StructureDefinition/calorie-deficit-assessment,StructureDefinition/environmental-monitoring,StructureDefinition/cumulative-radiation-dose,StructureDefinition/sans-assessment,StructureDefinition/microbial-viability-assay,StructureDefinition/space-radiation-exposure,StructureDefinition/immune-biomarker-panel,StructureDefinition/space-ecg-observation,StructureDefinition/communication-session-assessment,StructureDefinition/bfrt-outcome-observation,StructureDefinition/space-joint-health-assessment","SCT"
http://hl7.org/fhir/ValueSet/referencerange-meaning,4.0.1,draft,"2.16.840.1.113883.4.642.3.397",ObservationReferenceRangeMeaningCodes,Observation Reference Range Meaning Codes,"This value set defines a set of codes that can be used to indicate the meaning/use of a reference range for a particular target population.","StructureDefinition/multi-omics-observation,StructureDefinition/habitat-environmental-observation,StructureDefinition/spaceflight-anemia-panel,StructureDefinition/internal-jugular-vein-flow-observation,StructureDefinition/behavioral-health-state,StructureDefinition/circadian-rhythm-assessment,StructureDefinition/flow-directionality-index-observation,StructureDefinition/space-exercise-activity-group,StructureDefinition/cumulative-stress-burden,StructureDefinition/space-exercise-activity-measure,StructureDefinition/internal-jugular-vein-pressure-observation,StructureDefinition/suit-redundancy-assessment,StructureDefinition/bliss-resource-output,StructureDefinition/standard-measures-observation,StructureDefinition/actigraphy-observation,StructureDefinition/internal-jugular-vein-area-observation,StructureDefinition/space-nutrition-intake,StructureDefinition/barotrauma-assessment,StructureDefinition/hydration-status-observation,StructureDefinition/bone-density-observation,StructureDefinition/archer-actigraphy-observation,StructureDefinition/space-body-temperature,StructureDefinition/space-evs-minutes-per-week,StructureDefinition/isru-production-log,StructureDefinition/advanced-dive-profile,StructureDefinition/regulatory-compliance-assessment,StructureDefinition/dive-profile,StructureDefinition/antioxidant-biomarker-panel,StructureDefinition/astrodynamics-observation,StructureDefinition/space-cgm-observation,StructureDefinition/space-sleep-study,StructureDefinition/artemis-radiation-exposure,StructureDefinition/calorie-deficit-assessment,StructureDefinition/environmental-monitoring,StructureDefinition/cumulative-radiation-dose,StructureDefinition/sans-assessment,StructureDefinition/microbial-viability-assay,StructureDefinition/space-radiation-exposure,StructureDefinition/immune-biomarker-panel,StructureDefinition/space-ecg-observation,StructureDefinition/communication-session-assessment,StructureDefinition/bfrt-outcome-observation,StructureDefinition/space-joint-health-assessment","THO"
http://hl7.org/fhir/ValueSet/report-codes,4.0.1,draft,"2.16.840.1.113883.4.642.3.233",LOINCDiagnosticReportCodes,LOINC Diagnostic Report Codes,"This value set includes LOINC codes that relate to Diagnostic Observations.","StructureDefinition/metabolic-risk-summary,StructureDefinition/space-radiation-summary,StructureDefinition/space-cgm-summary","LOINC"
http://hl7.org/fhir/ValueSet/repository-type,4.0.1,draft,"2.16.840.1.113883.4.642.3.230",repositoryType,repositoryType,"Type for access of external URI.","StructureDefinition/space-molecular-sequence","hl7.fhir.r4.core"
http://hl7.org/fhir/ValueSet/request-intent,4.0.1,draft,"2.16.840.1.113883.4.642.3.113",RequestIntent,RequestIntent,"Codes indicating the degree of authority/intentionality associated with a request.","StructureDefinition/telemedicine-consult-request,StructureDefinition/bfrt-activity-definition","hl7.fhir.r4.core"
http://hl7.org/fhir/ValueSet/request-priority,4.0.1,draft,"2.16.840.1.113883.4.642.3.115",RequestPriority,Request priority,"The clinical priority of a diagnostic order.","StructureDefinition/mission-plan,StructureDefinition/telemedicine-consult-request,StructureDefinition/telemedicine-communication,StructureDefinition/mission-timeline-plan,StructureDefinition/bfrt-activity-definition","hl7.fhir.r4.core"
http://hl7.org/fhir/ValueSet/request-resource-types,4.0.1,draft,"2.16.840.1.113883.4.642.3.1058",RequestResourceType,RequestResourceType,"A list of all the request resource types defined in this version of the FHIR specification.","StructureDefinition/bfrt-activity-definition","hl7.fhir.r4.core"
http://hl7.org/fhir/ValueSet/request-status,4.0.1,draft,"2.16.840.1.113883.4.642.3.111",RequestStatus,RequestStatus,"Codes identifying the lifecycle stage of a request.","StructureDefinition/telemedicine-consult-request,StructureDefinition/antiemetic-care-plan,StructureDefinition/bfrt-care-plan,StructureDefinition/telemedicine-communication,StructureDefinition/emergency-care-plan,StructureDefinition/personalized-countermeasure-plan","hl7.fhir.r4.core"
http://hl7.org/fhir/ValueSet/resource-types,4.0.1,active,"2.16.840.1.113883.4.642.3.27",ResourceType,ResourceType,"One of the resource types defined as part of this version of FHIR.","StructureDefinition/behavioral-health-state,StructureDefinition/psychological-countermeasure-activity,StructureDefinition/mrid-questionnaire","hl7.fhir.r4.core"
http://hl7.org/fhir/ValueSet/risk-probability,4.0.1,draft,"2.16.840.1.113883.4.642.3.450",RiskProbability,Risk Probability,"Codes representing the likelihood of a particular outcome in a risk assessment.","StructureDefinition/space-risk-assessment,StructureDefinition/omics-risk-assessment,StructureDefinition/mars-radiation-risk-assessment,StructureDefinition/microbial-contamination-risk,StructureDefinition/emergency-risk-assessment,StructureDefinition/dcs-risk-assessment","THO"
http://hl7.org/fhir/ValueSet/route-codes,4.0.1,draft,"2.16.840.1.113883.4.642.3.98",SNOMEDCTRouteCodes,SNOMED CT Route Codes,"This value set includes all Route codes from SNOMED CT - provided as an exemplar.","StructureDefinition/antiemetic-administration,StructureDefinition/radioprotective-administration","SCT"
http://hl7.org/fhir/ValueSet/search-entry-mode,4.0.1,active,"2.16.840.1.113883.4.642.3.622",SearchEntryMode,SearchEntryMode,"Why an entry is in the result set - whether it's included as a match or because of an _include requirement, or to convey information or warning information about the search process.","StructureDefinition/gimbal-screening","hl7.fhir.r4.core"
http://hl7.org/fhir/ValueSet/sequence-quality-method,4.0.1,draft,"2.16.840.1.113883.4.642.3.223",FDA-Method,F d a- method,"This value set includes sequence quality method","StructureDefinition/space-molecular-sequence","Other"
http://hl7.org/fhir/ValueSet/sequence-quality-standardSequence,4.0.1,draft,"2.16.840.1.113883.4.642.3.222",FDA-StandardSequence,F d a- standard sequence,"This value set includes sequence quality standard","StructureDefinition/space-molecular-sequence","Other"
http://hl7.org/fhir/ValueSet/sequence-referenceSeq,4.0.1,draft,"2.16.840.1.113883.4.642.3.221",ENSEMBL,E n s e m b l,"This value set includes all Reference codes","StructureDefinition/space-molecular-sequence","Other"
http://hl7.org/fhir/ValueSet/sequence-type,4.0.1,draft,"2.16.840.1.113883.4.642.3.219",sequenceType,sequenceType,"Type if a sequence -- DNA, RNA, or amino acid sequence.","StructureDefinition/space-molecular-sequence","hl7.fhir.r4.core"
http://hl7.org/fhir/ValueSet/service-type,4.0.1,draft,"2.16.840.1.113883.4.642.3.518",ServiceType,Service type,"This value set defines an example set of codes of service-types.","StructureDefinition/autonomous-medical-encounter,StructureDefinition/telemedicine-encounter","THO"
http://hl7.org/fhir/ValueSet/servicerequest-category,4.0.1,draft,"2.16.840.1.113883.4.642.3.434",ServiceRequestCategoryCodes,Service Request Category Codes,"An example value set of SNOMED CT concepts that can classify a requested service","StructureDefinition/telemedicine-consult-request","SCT"
http://hl7.org/fhir/ValueSet/servicerequest-orderdetail,4.0.1,draft,"2.16.840.1.113883.4.642.3.435",ServiceRequestOrderDetailsCodes,Service Request Order Details Codes,"An example value set of Codified order entry details concepts.  These concepts only make sense in the context of what is being ordered.  This example is for a patient ventilation order","StructureDefinition/telemedicine-consult-request","SCT"
http://hl7.org/fhir/ValueSet/specimen-collection-method,4.0.1,draft,"2.16.840.1.113883.4.642.3.468",FHIRSpecimenCollectionMethod,FHIR Specimen Collection Method," This example value set defines a set of codes that can be used to indicate the method by which a specimen was collected.","StructureDefinition/spaceflight-specimen,StructureDefinition/space-specimen-collection","SCT"
http://hl7.org/fhir/ValueSet/specimen-container-type,4.0.1,draft,"2.16.840.1.113883.4.642.3.470",SpecimenContainerType,Specimen Container Type,"Checks on the patient prior specimen collection. All SNOMED CT concepts descendants of 706041008 |Device for body fluid and tissue collection/transfer/processing (physical object)|","StructureDefinition/spaceflight-specimen,StructureDefinition/space-specimen-collection","SCT"
http://hl7.org/fhir/ValueSet/specimen-processing-procedure,4.0.1,draft,"2.16.840.1.113883.4.642.3.469",SpecimenProcessingProcedure,Specimen processing procedure,"The technique that is used to perform the process or preserve the specimen.","StructureDefinition/spaceflight-specimen,StructureDefinition/space-specimen-collection","THO (V2)"
http://hl7.org/fhir/ValueSet/specimen-status,4.0.1,draft,"2.16.840.1.113883.4.642.3.471",SpecimenStatus,SpecimenStatus,"Codes providing the status/availability of a specimen.","StructureDefinition/spaceflight-specimen,StructureDefinition/space-specimen-collection","hl7.fhir.r4.core"
http://hl7.org/fhir/ValueSet/strand-type,4.0.1,draft,"2.16.840.1.113883.4.642.3.985",strandType,strandType,"Type for strand.","StructureDefinition/space-molecular-sequence","hl7.fhir.r4.core"
http://hl7.org/fhir/ValueSet/subject-type,4.0.1,draft,"2.16.840.1.113883.4.642.3.775",SubjectType,Subject type,"Possible types of subjects.","StructureDefinition/mission-plan,StructureDefinition/mission-timeline-plan,StructureDefinition/bfrt-activity-definition","hl7.fhir.r4.core"
http://hl7.org/fhir/ValueSet/substance-category,4.0.1,draft,"2.16.840.1.113883.4.642.3.476",SubstanceCategoryCodes,Substance Category Codes,"Substance category codes","StructureDefinition/biological-feedstock","THO"
http://hl7.org/fhir/ValueSet/substance-code,4.0.1,draft,"2.16.840.1.113883.4.642.3.473",SubstanceCode,Substance Code,"This value set contains concept codes for specific substances. It includes codes from [SNOMED](http://snomed.info/sct) where concept is-a 105590001 (Substance (substance)) and where concept is-a 373873005 (Pharmaceutical / biologic product (product))","StructureDefinition/biological-feedstock","SCT"
http://hl7.org/fhir/ValueSet/substance-status,4.0.1,draft,"2.16.840.1.113883.4.642.3.474",FHIRSubstanceStatus,FHIRSubstanceStatus,"A code to indicate if the substance is actively used.","StructureDefinition/biological-feedstock","hl7.fhir.r4.core"
http://hl7.org/fhir/ValueSet/supply-item,4.0.1,draft,"2.16.840.1.113883.4.642.3.699",SNOMEDCTSupplyItem,SNOMED CT Supply Item,"This value set includes [SNOMED CT](http://snomed.info/sct) where concept is-a 105590001 (Substance (substance)) or  concept is-a 260787004 (Physical object)  and provided as an example value set.","StructureDefinition/eva-suit-provisioning-record","SCT"
http://hl7.org/fhir/ValueSet/supplydelivery-status,4.0.1,draft,"2.16.840.1.113883.4.642.3.700",SupplyDeliveryStatus,SupplyDeliveryStatus,"Status of the supply delivery.","StructureDefinition/eva-suit-provisioning-record","hl7.fhir.r4.core"
http://hl7.org/fhir/ValueSet/supplydelivery-type,4.0.1,draft,"2.16.840.1.113883.4.642.3.702",SupplyItemType,Supply Item Type,"This value sets refers to a specific supply item.","StructureDefinition/eva-suit-provisioning-record","THO"
http://hl7.org/fhir/ValueSet/ucum-bodyweight,4.0.1,draft,"2.16.840.1.113883.4.642.3.956",BodyWeightUnits,Body Weight Units,"UCUM units for recording Body Weight","StructureDefinition/isru-production-log","UCUM"
http://hl7.org/fhir/ValueSet/udi-entry-type,4.0.1,draft,"2.16.840.1.113883.4.642.3.211",UDIEntryType,UDIEntryType,"Codes to identify how UDI data was entered.","StructureDefinition/ultrasound-monitoring-device,StructureDefinition/diving-equipment,StructureDefinition/avatar-organ-chip,StructureDefinition/space-equipment,StructureDefinition/lbnp-countermeasure-system,StructureDefinition/bfrt-device,StructureDefinition/space-cgm-device,StructureDefinition/telemedicine-device,StructureDefinition/bioreactor-device,StructureDefinition/underwater-communication-system,StructureDefinition/radiation-detector","hl7.fhir.r4.core"
http://loinc.org/vs/LL379-9|4.0.1,null,active,,LOINCAnswersLL379-9|4.0.1,LOINC Answer Codes for LL379-9|4.0.1,"","StructureDefinition/space-molecular-sequence","LOINC"
http://terminology.hl7.org/ValueSet/v2-0092,3.0.0,active,"2.16.840.1.113883.21.40",Hl7VSReAdmissionIndicator,hl7VS-re-admissionIndicator,"Value Set of codes which are used to specify that a patient is being re-admitted to a healthcare facility from which they were discharged, and indicates the circumstances around such re-admission.","StructureDefinition/autonomous-medical-encounter,StructureDefinition/telemedicine-encounter","THO (V2)"
http://terminology.hl7.org/ValueSet/v2-0116,3.0.0,active,"2.16.840.1.113883.21.51",Hl7VSBedStatus,hl7VS-bedStatus,"Value Set of codes that specify the state of a bed in an inpatient setting, and is used to determine if a patient may be assigned to it or not.","StructureDefinition/space-vehicle,StructureDefinition/neutral-buoyancy-facility,StructureDefinition/space-location,StructureDefinition/habitat-location","THO (V2)"
http://terminology.hl7.org/ValueSet/v2-0371,3.0.0,active,"2.16.840.1.113883.21.245",Hl7VSAdditivePreservative,hl7VS-additivePreservative,"Concepts specifying any additive introduced to the specimen before or at the time of collection.  These additives may be introduced in order to preserve, maintain or enhance the particular nature or component of the specimen.  Used in Version 2 messaging in the SPM segment.","StructureDefinition/spaceflight-specimen,StructureDefinition/space-specimen-collection","THO (V2)"
http://terminology.hl7.org/ValueSet/v2-0493,3.0.0,active,"2.16.840.1.113883.21.333",Hl7VSSpecimenCondition,hl7VS-specimenCondition,"Concepts of modes or states of being that describe the nature of a specimen.  Used in Version 2 messaging in the SPM segment.","StructureDefinition/spaceflight-specimen,StructureDefinition/space-specimen-collection","THO (V2)"
http://terminology.hl7.org/ValueSet/v2-0916,3.0.0,active,"2.16.840.1.113883.21.440",Hl7VSRelevantClincialInformation,hl7VS-relevantClincialInformation,"Value Set of codes that specify additional clinical information about the patient or specimen to report the supporting and/or suspected diagnosis and clinical findings on requests for interpreted diagnostic studies.","StructureDefinition/spaceflight-specimen,StructureDefinition/space-specimen-collection","THO (V2)"
http://terminology.hl7.org/ValueSet/v3-ActConsentDirective,3.0.0,active,"2.16.840.1.113883.1.11.20425",ActConsentDirective,ActConsentDirective,"ActConsentDirective codes are used to specify the type of Consent Directive to which a Consent Directive Act conforms.","StructureDefinition/space-insurance-contract","THO (V3)"
http://terminology.hl7.org/ValueSet/v3-ActEncounterCode,3.0.0,active,"2.16.840.1.113883.1.11.13955",ActEncounterCode,ActEncounterCode,"Domain provides codes that qualify the ActEncounterClass (ENC)","StructureDefinition/autonomous-medical-encounter,StructureDefinition/telemedicine-encounter","THO (V3)"
http://terminology.hl7.org/ValueSet/v3-ActPriority,3.0.0,active,"2.16.840.1.113883.1.11.16866",ActPriority,ActPriority,"A code or set of codes (e.g., for routine, emergency,) specifying the urgency under which the Act happened, can happen, is happening, is intended to happen, or is requested/demanded to happen.    *Discussion:* This attribute is used in orders to indicate the ordered priority, and in event documentation it indicates the actual priority used to perform the act. In definition mood it indicates the available priorities.","StructureDefinition/autonomous-medical-encounter,StructureDefinition/telemedicine-encounter","THO (V3)"
http://terminology.hl7.org/ValueSet/v3-ActReason,3.0.0,active,,ActReason,v3 Code System ActReason," A set of codes specifying the motivation, cause, or rationale of an Act, when such rationale is not reasonably represented as an ActRelationship of type ""has reason"" linking to another Act.  Examples:  Example reasons that might qualify for being coded in this field might be: ""routine requirement"", ""infectious disease reporting requirement"", ""on patient request"", ""required by law"".","StructureDefinition/telemedicine-communication","THO (V3)"
http://terminology.hl7.org/ValueSet/v3-PurposeOfUse,3.1.0,active,"2.16.840.1.113883.1.11.20448",PurposeOfUse,PurposeOfUse,"Supports communication of purpose of use at a general level.","StructureDefinition/space-insurance-contract","THO (V3)"
http://terminology.hl7.org/ValueSet/v3-ServiceDeliveryLocationRoleType,3.0.0,active,"2.16.840.1.113883.1.11.17660",ServiceDeliveryLocationRoleType,ServiceDeliveryLocationRoleType,"A role of a place that further classifies the setting (e.g., accident site, road side, work site, community location) in which services are delivered.","StructureDefinition/space-vehicle,StructureDefinition/telemedicine-consult-request,StructureDefinition/neutral-buoyancy-facility,StructureDefinition/space-location,StructureDefinition/hyperbaric-chamber,StructureDefinition/habitat-location","THO (V3)"
https://awatson1978.github.io/aerospace-medicine-ig/ValueSet/actigraphy-metric-vs,0.7.0,active,,ActigraphyMetricVS,Actigraphy Metric Value Set,"Actigraphy-derived metrics","StructureDefinition/actigraphy-observation","Internal"
https://awatson1978.github.io/aerospace-medicine-ig/ValueSet/antiemetic-medication-vs,0.7.0,active,,AntiemeticMedicationVS,Antiemetic Medication Value Set,"Antiemetic medications for spaceflight use","StructureDefinition/antiemetic-administration,StructureDefinition/antiemetic-medication","Internal"
https://awatson1978.github.io/aerospace-medicine-ig/ValueSet/antiemetic-protocol-vs,0.7.0,active,,AntiemeticProtocolVS,Antiemetic Protocol Value Set,"Antiemetic administration protocols","StructureDefinition/antiemetic-care-plan","Internal"
https://awatson1978.github.io/aerospace-medicine-ig/ValueSet/antioxidant-biomarker-vs,0.7.0,active,,AntioxidantBiomarkerVS,Antioxidant Biomarker Value Set,"Oxidative stress and antioxidant biomarkers",,"Internal"
https://awatson1978.github.io/aerospace-medicine-ig/ValueSet/artemis-all-devices-vs,0.7.0,active,,ArtemisAllDevicesVS,All Artemis Devices,"Both certified and prototype Artemis devices (the complete Artemis device inventory)",,"Internal"
https://awatson1978.github.io/aerospace-medicine-ig/ValueSet/artemis-certified-devices-vs,0.7.0,active,,ArtemisCertifiedDevicesVS,Artemis Certified Devices,"Flight-qualified Artemis mission hardware",,"Internal"
https://awatson1978.github.io/aerospace-medicine-ig/ValueSet/artemis-landing-region-vs,0.7.0,active,,ArtemisLandingRegionVS,Artemis Landing Regions,"Candidate Artemis III south pole landing regions for Location bindings",,"Internal"
https://awatson1978.github.io/aerospace-medicine-ig/ValueSet/artemis-mission-vs,0.7.0,active,,ArtemisMissionVS,Artemis Missions,"All Artemis program missions I-XXX",,"Internal"
https://awatson1978.github.io/aerospace-medicine-ig/ValueSet/artemis-prototype-devices-vs,0.7.0,active,,ArtemisPrototypeDevicesVS,Artemis Prototype Devices,"Developmental and test Artemis hardware",,"Internal"
https://awatson1978.github.io/aerospace-medicine-ig/ValueSet/artemis-radiation-measure-vs,0.7.0,active,,ArtemisRadiationMeasureVS,Artemis Radiation Measures,"Dose measure codes for ArtemisRadiationExposure.code","StructureDefinition/artemis-radiation-exposure","Internal"
https://awatson1978.github.io/aerospace-medicine-ig/ValueSet/behavioral-health-metrics-vs,0.7.0,active,,BehavioralHealthMetricsVS,Behavioral Health Metrics Value Set,"Key behavioral health state metrics used in aerospace behavioral health monitoring.","StructureDefinition/behavioral-health-state,StructureDefinition/psychological-countermeasure-activity","Internal"
https://awatson1978.github.io/aerospace-medicine-ig/ValueSet/behavioral-readiness-vs,0.7.0,active,,BehavioralReadinessVS,Behavioral Readiness Assessment,"Value set for behavioral/psychological flight readiness outcomes.",,"SCT"
https://awatson1978.github.io/aerospace-medicine-ig/ValueSet/bfrt-device-type-vs,0.7.0,active,,BFRTDeviceTypeVS,BFRT Device Type Value Set,"BFRT device types","StructureDefinition/bfrt-device","Internal"
https://awatson1978.github.io/aerospace-medicine-ig/ValueSet/bfrt-outcome-vs,0.7.0,active,,BFRTOutcomeVS,BFRT Outcome Value Set,"BFRT outcome measures","StructureDefinition/bfrt-outcome-observation","Internal"
https://awatson1978.github.io/aerospace-medicine-ig/ValueSet/bfrt-protocol-vs,0.7.0,active,,BFRTProtocolVS,BFRT Protocol Value Set,"Blood flow restriction training protocol types","StructureDefinition/bfrt-procedure,StructureDefinition/bfrt-care-plan,StructureDefinition/bfrt-activity-definition","Internal"
https://awatson1978.github.io/aerospace-medicine-ig/ValueSet/biomanufacturing-process-vs,0.7.0,active,,BiomanufacturingProcessVS,Biomanufacturing Process Value Set,"Biomanufacturing process types","StructureDefinition/biomanufacturing-procedure","Internal"
https://awatson1978.github.io/aerospace-medicine-ig/ValueSet/bliss-output-vs,0.7.0,active,,BLiSSOutputVS,BLiSS Output Value Set,"Bioregenerative life support output types","StructureDefinition/bliss-resource-output","Internal"
https://awatson1978.github.io/aerospace-medicine-ig/ValueSet/bone-density-method-vs,0.7.0,active,,BoneDensityMethodVS,Bone Density Method Value Set,"Methods for BMD measurement","StructureDefinition/bone-density-observation","Internal"
https://awatson1978.github.io/aerospace-medicine-ig/ValueSet/bone-density-site-vs,0.7.0,active,,BoneDensitySiteVS,Bone Density Measurement Site Value Set,"Anatomical sites for BMD measurement","StructureDefinition/bone-density-observation","SCT"
https://awatson1978.github.io/aerospace-medicine-ig/ValueSet/calorie-deficit-risk-vs,0.7.0,active,,CalorieDeficitRiskVS,Calorie Deficit Risk Levels,"Risk categorization for caloric deficits","StructureDefinition/calorie-deficit-assessment","Internal"
https://awatson1978.github.io/aerospace-medicine-ig/ValueSet/cardiac-monitoring-vs,0.7.0,active,,CardiacMonitoringVS,Cardiac Monitoring Value Set,"Cardiac monitoring parameters",,"Internal"
https://awatson1978.github.io/aerospace-medicine-ig/ValueSet/cgm-device-type-vs,0.7.0,active,,CGMDeviceTypeVS,CGM Device Type Value Set,"Types of CGM devices","StructureDefinition/space-cgm-device","Internal"
https://awatson1978.github.io/aerospace-medicine-ig/ValueSet/cgm-metrics-vs,0.7.0,active,,CGMMetricsVS,CGM Metrics Value Set,"Standardized CGM metrics",,"Internal"
https://awatson1978.github.io/aerospace-medicine-ig/ValueSet/circadian-assessment-vs,0.7.0,active,,CircadianAssessmentVS,Circadian Rhythm Assessment Value Set,"Circadian rhythm assessment parameters",,"Internal"
https://awatson1978.github.io/aerospace-medicine-ig/ValueSet/circadian-phase-vs,0.7.0,active,,CircadianPhaseVS,Circadian Phase Value Set,"Circadian rhythm phases","StructureDefinition/circadian-phase","Internal"
https://awatson1978.github.io/aerospace-medicine-ig/ValueSet/cognitive-performance-indicators-vs,0.7.0,active,,CognitivePerformanceIndicatorsVS,Cognitive Performance Indicators Value Set,"Cognitive and vigilance performance indicators relevant to operational readiness.",,"Internal,LOINC"
https://awatson1978.github.io/aerospace-medicine-ig/ValueSet/crewed-mars-missions-vs,0.7.0,active,,CrewedMarsMissionsVS,Human Mars Mission Plans,"Proposed and conceptual human mission architectures to Mars",,"Internal"
https://awatson1978.github.io/aerospace-medicine-ig/ValueSet/dcs-risk-vs,0.7.0,active,,DCSRiskVS,DCS Risk Value Set,"DCS risk factors and outcomes",,"Internal"
https://awatson1978.github.io/aerospace-medicine-ig/ValueSet/decompression-procedures-vs,0.7.0,active,,DecompressionProcedures,Decompression Procedures,"Standardized decompression procedures and protocols","StructureDefinition/enhanced-hyperbaric-treatment,StructureDefinition/decompression-protocol,StructureDefinition/environmental-factors,StructureDefinition/decompression-algorithm","SCT,Internal"
https://awatson1978.github.io/aerospace-medicine-ig/ValueSet/diving-contraindicated-conditions-vs,0.7.0,active,,DivingContraindicatedConditions,Diving Medical Contraindications,"Medical conditions that contraindicate diving activities",,"SCT"
https://awatson1978.github.io/aerospace-medicine-ig/ValueSet/diving-medical-examinations-vs,0.7.0,active,,DivingMedicalExaminations,Diving Medical Examinations,"Types of medical examinations for diving fitness",,"Internal"
https://awatson1978.github.io/aerospace-medicine-ig/ValueSet/dosimeter-type-vs,0.7.0,active,,DosimeterTypeVS,Dosimeter Types,"Types of radiation dosimeters","StructureDefinition/radiation-detector","Internal"
https://awatson1978.github.io/aerospace-medicine-ig/ValueSet/ecg-interpretation-vs,0.7.0,active,,ECGInterpretationVS,ECG Interpretation Results,"Value set for ECG interpretation outcomes.",,"SCT"
https://awatson1978.github.io/aerospace-medicine-ig/ValueSet/emergency-response-vs,0.7.0,active,,EmergencyResponseVS,Emergency Response Value Set,"Emergency response and evacuation options","StructureDefinition/emergency-evacuation-procedure,StructureDefinition/emergency-care-plan","Internal"
https://awatson1978.github.io/aerospace-medicine-ig/ValueSet/eva-suit-state-vs,0.7.0,active,,EVASuitStateVS,EVA Suit State Value Set,"EVA suit operational states","StructureDefinition/suit-operational-state","Internal"
https://awatson1978.github.io/aerospace-medicine-ig/ValueSet/evs-units-vs,0.7.0,active,,EVSUnitsVS,EVS Units,"Units for Exercise Vital Sign measurements","StructureDefinition/space-evs-minutes-per-week","UCUM"
https://awatson1978.github.io/aerospace-medicine-ig/ValueSet/expanded-specimen-type-vs,0.7.0,active,,ExpandedSpecimenTypeVS,Expanded Specimen Type Value Set,"Specimen types for astronaut biobank",,"Internal"
https://awatson1978.github.io/aerospace-medicine-ig/ValueSet/fitness-assessment-result-vs,0.7.0,active,,FitnessAssessmentResultVS,Fitness Assessment Results,"Value set for fitness test termination criteria and outcomes.",,"SCT"
https://awatson1978.github.io/aerospace-medicine-ig/ValueSet/gimbal-contraindicated-conditions-vs,0.7.0,active,,GimbalContraindicatedConditions,Gimbal Contraindications,"Contraindicated conditions for riding a multi-axis gimbal",,"SCT"
https://awatson1978.github.io/aerospace-medicine-ig/ValueSet/gravity-context-vs,0.7.0,active,,GravityContextVS,Gravity Context Value Set,"Gravitational environments for clinical context","StructureDefinition/gravity-context","Internal"
https://awatson1978.github.io/aerospace-medicine-ig/ValueSet/graybiel-severity-vs,0.7.0,active,,GraybielSeverityVS,Graybiel Motion Sickness Severity Value Set,"Graybiel severity grades for motion sickness","StructureDefinition/space-motion-sickness-condition","Internal"
https://awatson1978.github.io/aerospace-medicine-ig/ValueSet/hydration-type-vs,0.7.0,active,,HydrationTypeVS,Hydration Types,"Types of hydration products used in space","StructureDefinition/hydration-status-observation","Internal"
https://awatson1978.github.io/aerospace-medicine-ig/ValueSet/hyperbaric-capabilities-vs,0.7.0,active,,HyperbaricCapabilitiesVS,Hyperbaric Chamber Capabilities,"Capabilities available in hyperbaric chambers","StructureDefinition/hyperbaric-capabilities","Internal"
https://awatson1978.github.io/aerospace-medicine-ig/ValueSet/hyperbaric-chamber-type-vs,0.7.0,active,,HyperbaricChamberTypeVS,Hyperbaric Chamber Types,"Types of hyperbaric chambers","StructureDefinition/chamber-type","Internal"
https://awatson1978.github.io/aerospace-medicine-ig/ValueSet/ijv-flow-grade-vs,0.7.0,active,,IJVFlowGradeVS,IJV Flow Grade Value Set,"Internal jugular vein flow grades","StructureDefinition/internal-jugular-vein-flow-observation","Internal"
https://awatson1978.github.io/aerospace-medicine-ig/ValueSet/immune-biomarker-vs,0.7.0,active,,ImmuneBiomarkerVS,Immune Biomarker Value Set,"Immune function biomarkers",,"Internal"
https://awatson1978.github.io/aerospace-medicine-ig/ValueSet/isolation-syndrome-factors-vs,0.7.0,active,,IsolationSyndromeFactorsVS,Isolation Syndrome Factors Value Set,"Risk factors related to isolation and confinement that affect behavioral health.","StructureDefinition/isolation-risk","Internal"
https://awatson1978.github.io/aerospace-medicine-ig/ValueSet/iss-crewmember-type-vs,0.7.0,active,,ISSCrewmemberTypeVS,ISS Crewmember Types,"Value set for types of ISS crewmembers by agency.",,"Internal"
https://awatson1978.github.io/aerospace-medicine-ig/ValueSet/location-capabilities-vs,0.7.0,active,,LocationCapabilitiesVS,Location Capabilities Value Set,"Capabilities and services available at aerospace medicine locations",,"Internal"
https://awatson1978.github.io/aerospace-medicine-ig/ValueSet/location-type-vs,0.7.0,active,,LocationTypeVS,Aerospace Location Type,"Location types for lunar and planetary mission locations",,"Internal"
https://awatson1978.github.io/aerospace-medicine-ig/ValueSet/macronutrient-metrics-vs,0.7.0,active,,MacronutrientMetricsVS,Macronutrient Metrics,"Measurement types for macronutrient tracking","StructureDefinition/calorie-deficit-assessment,StructureDefinition/space-nutrition-intake","Internal"
https://awatson1978.github.io/aerospace-medicine-ig/ValueSet/mars-all-devices-vs,0.7.0,active,,MarsAllDevicesVS,All Mars Mission Devices,"Both certified and prototype Mars devices",,"Internal"
https://awatson1978.github.io/aerospace-medicine-ig/ValueSet/mars-certified-devices-vs,0.7.0,active,,MarsCertifiedDevicesVS,Mars Mission Devices - Certified,"Flight-qualified hardware for Mars missions",,"Internal"
https://awatson1978.github.io/aerospace-medicine-ig/ValueSet/mars-landing-sites-vs,0.7.0,active,,MarsLandingSitesVS,Mars Landing Sites,"Candidate landing sites for human Mars missions",,"Internal"
https://awatson1978.github.io/aerospace-medicine-ig/ValueSet/mars-missions-vs,0.7.0,active,,MarsMissionsVS,Mars Missions,"All Mars missions (robotic and human, completed and planned)",,"Internal"
https://awatson1978.github.io/aerospace-medicine-ig/ValueSet/mars-prototype-devices-vs,0.7.0,active,,MarsPrototypeDevicesVS,Mars Mission Devices - Prototype,"Developmental and test hardware for Mars missions",,"Internal"
https://awatson1978.github.io/aerospace-medicine-ig/ValueSet/microbial-contaminant-type-vs,0.7.0,active,,MicrobialContaminantTypeVS,Microbial Contaminant Type Value Set,"Types of microbial contamination","StructureDefinition/microbial-contamination-risk,StructureDefinition/microbial-viability-assay,StructureDefinition/microbial-contamination-condition","Internal"
https://awatson1978.github.io/aerospace-medicine-ig/ValueSet/microgravity-countermeasure-vs,0.7.0,active,,MicrogravityCountermeasureVS,Microgravity Countermeasure Value Set,"Countermeasure interventions for microgravity cardiovascular effects","StructureDefinition/lower-body-negative-pressure-procedure","Internal"
https://awatson1978.github.io/aerospace-medicine-ig/ValueSet/mission-phase-vs,0.7.0,active,,MissionPhaseVS,Mission Phase Value Set,"Phases of a space mission","ConceptMap/MissionPhaseToNASAMissionPhase,StructureDefinition/mission-phase","Internal"
https://awatson1978.github.io/aerospace-medicine-ig/ValueSet/mrid-launch-context-name-vs,0.7.0,active,,MRIDLaunchContextNameVS,MRID Launch Context Name,"Names for launch context variables in MRID questionnaires","StructureDefinition/mrid-launch-context","Internal"
https://awatson1978.github.io/aerospace-medicine-ig/ValueSet/mrid-launch-context-type-vs,0.7.0,active,,MRIDLaunchContextTypeVS,MRID Launch Context Type,"FHIR resource types for launch context in MRID questionnaires","StructureDefinition/mrid-launch-context","Internal"
https://awatson1978.github.io/aerospace-medicine-ig/ValueSet/nasa-cardiovascular-equipment-vs,0.7.0,active,,NASACardiovascularEquipmentVS,NASA Cardiovascular Assessment Equipment,"Value set for cardiovascular assessment hardware.",,"Internal"
https://awatson1978.github.io/aerospace-medicine-ig/ValueSet/nasa-data-archive-vs,0.7.0,active,,NASADataArchiveVS,NASA Medical Data Archive Systems,"Value set for data archive and delivery systems.",,"Internal"
https://awatson1978.github.io/aerospace-medicine-ig/ValueSet/nasa-exercise-equipment-vs,0.7.0,active,,NASAExerciseEquipmentVS,NASA Exercise Equipment,"Value set for exercise and fitness assessment hardware.",,"Internal"
https://awatson1978.github.io/aerospace-medicine-ig/ValueSet/nasa-medical-facility-vs,0.7.0,active,,NASAMedicalFacilityVS,NASA Medical Facilities,"Value set for medical testing facility locations.",,"Internal"
https://awatson1978.github.io/aerospace-medicine-ig/ValueSet/nasa-medical-hardware-vs,0.7.0,active,,NASAMedicalHardwareVS,NASA Medical Hardware,"Complete value set for all NASA medical hardware.",,"Internal"
https://awatson1978.github.io/aerospace-medicine-ig/ValueSet/nasa-medical-roles-vs,0.7.0,active,,NASAMedicalRolesVS,NASA Medical Personnel Roles,"Value set for medical personnel roles.",,"Internal"
https://awatson1978.github.io/aerospace-medicine-ig/ValueSet/nasa-mission-phase-vs,0.7.0,active,,NASAMissionPhaseVS,NASA Mission Phases,"Value set for mission phase timing.","ConceptMap/MissionPhaseToNASAMissionPhase","Internal"
https://awatson1978.github.io/aerospace-medicine-ig/ValueSet/nasa-mrid-discipline-vs,0.7.0,active,,NASAMRIDDisciplineVS,NASA MRID Medical Disciplines,"Value set for NASA MRID medical disciplines.","StructureDefinition/mrid-discipline","Internal"
https://awatson1978.github.io/aerospace-medicine-ig/ValueSet/nasa-mrid-sponsor-vs,0.7.0,active,,NASAMRIDSponsorVS,NASA MRID Sponsor Organizations,"Value set for NASA MRID sponsor organizations.","StructureDefinition/mrid-sponsor","Internal"
https://awatson1978.github.io/aerospace-medicine-ig/ValueSet/nasa-postflight-offset-vs,0.7.0,active,,NASAPostflightOffsetVS,NASA Postflight Schedule Offsets,"Value set for R-plus postflight schedule offsets.",,"Internal"
https://awatson1978.github.io/aerospace-medicine-ig/ValueSet/nasa-preflight-offset-vs,0.7.0,active,,NASAPreflightOffsetVS,NASA Preflight Schedule Offsets,"Value set for L-minus preflight schedule offsets.",,"Internal"
https://awatson1978.github.io/aerospace-medicine-ig/ValueSet/nasa-radiation-equipment-vs,0.7.0,active,,NASARadiationEquipmentVS,NASA Radiation Monitoring Equipment,"Value set for radiation monitoring hardware.",,"Internal"
https://awatson1978.github.io/aerospace-medicine-ig/ValueSet/nasa-schedule-offset-vs,0.7.0,active,,NASAScheduleOffsetVS,NASA Schedule Offsets,"Complete value set for all mission schedule offsets.",,"Internal"
https://awatson1978.github.io/aerospace-medicine-ig/ValueSet/nasa-standard-measures-vs,0.7.0,active,,NASAStandardMeasuresVS,NASA Standard Measures Value Set,"NASA Spaceflight Standard Measures assessments","StructureDefinition/standard-measures-observation","Internal"
https://awatson1978.github.io/aerospace-medicine-ig/ValueSet/neutral-buoyancy-training-activities-vs,0.7.0,active,,NeutralBuoyancyTrainingActivities,Neutral Buoyancy Training Activities,"Types of training activities conducted in neutral buoyancy environments","StructureDefinition/neutral-buoyancy-session,StructureDefinition/underwater-eva-simulation","SCT,Internal"
https://awatson1978.github.io/aerospace-medicine-ig/ValueSet/nutrition-inventory-status-vs,0.7.0,active,,NutritionInventoryStatusVS,Nutrition Inventory Status,"Status levels for nutrition inventory management","StructureDefinition/inventory-risk-flag","Internal"
https://awatson1978.github.io/aerospace-medicine-ig/ValueSet/operational-status-vs,0.7.0,active,,OperationalStatusVS,Operational Status Value Set,"Operational status codes for facilities and vehicles","StructureDefinition/hyperbaric-chamber,StructureDefinition/operational-status","Internal"
https://awatson1978.github.io/aerospace-medicine-ig/ValueSet/organ-chip-type-vs,0.7.0,active,,OrganChipTypeVS,Organ-on-Chip Type Value Set,"Types of organ-on-chip devices","StructureDefinition/avatar-organ-chip","Internal"
https://awatson1978.github.io/aerospace-medicine-ig/ValueSet/organ-dose-codes-vs,0.7.0,active,,OrganDoseCodesVS,Organ-Specific Dose Codes,"Codes for organ-specific radiation dose measurements (bone marrow, lens of eye, skin, CNS, thyroid, gonads, lung, GI tract, whole body).","StructureDefinition/cumulative-radiation-dose,StructureDefinition/space-radiation-exposure","Internal"
https://awatson1978.github.io/aerospace-medicine-ig/ValueSet/parabolic-flight-phase-vs,0.7.0,active,,ParabolicFlightPhaseVS,Parabolic Flight Phase Value Set,"Phases of a parabolic flight maneuver","StructureDefinition/parabolic-flight-exposure","Internal"
https://awatson1978.github.io/aerospace-medicine-ig/ValueSet/planetary-protection-category-vs,0.7.0,active,,PlanetaryProtectionCategoryVS,Planetary Protection Category Value Set,"COSPAR planetary protection categories","StructureDefinition/planetary-protection-category","Internal"
https://awatson1978.github.io/aerospace-medicine-ig/ValueSet/radiation-countermeasures-vs,0.7.0,active,,RadiationCountermeasuresVS,Radiation Countermeasures,"Protective measures against radiation","StructureDefinition/radiation-countermeasures","Internal"
https://awatson1978.github.io/aerospace-medicine-ig/ValueSet/radiation-dose-units-vs,0.7.0,active,,RadiationDoseUnitsVS,Radiation Dose Units,"Units for radiation dose measurements","StructureDefinition/cumulative-radiation-dose,StructureDefinition/space-radiation-exposure,StructureDefinition/artemis-radiation-exposure","UCUM"
https://awatson1978.github.io/aerospace-medicine-ig/ValueSet/radioprotective-medication-vs,0.7.0,active,,RadioprotectiveMedicationVS,Radioprotective Medication Value Set,"Radioprotective medications for spaceflight","StructureDefinition/radioprotective-medication,StructureDefinition/radioprotective-administration","Internal"
https://awatson1978.github.io/aerospace-medicine-ig/ValueSet/regulatory-standards-vs,0.7.0,active,,RegulatoryStandards,Regulatory Standards for Diving and Space Medicine,"Regulatory standards and compliance requirements","StructureDefinition/safety-protocols,StructureDefinition/regulatory-compliance-assessment","SCT,Internal"
https://awatson1978.github.io/aerospace-medicine-ig/ValueSet/sans-assessment-vs,0.7.0,active,,SANSAssessmentVS,SANS Assessment Value Set,"SANS assessment parameters",,"Internal"
https://awatson1978.github.io/aerospace-medicine-ig/ValueSet/shielding-condition-vs,0.7.0,active,,ShieldingConditionVS,Shielding Condition,"Shielding conditions for radiation exposure observations","StructureDefinition/artemis-radiation-exposure","Internal"
https://awatson1978.github.io/aerospace-medicine-ig/ValueSet/sleep-architecture-vs,0.7.0,active,,SleepArchitectureVS,Sleep Architecture Value Set,"Sleep architecture parameters",,"Internal"
https://awatson1978.github.io/aerospace-medicine-ig/ValueSet/space-adverse-event-vs,0.7.0,active,,SpaceAdverseEventVS,Space Adverse Event Value Set,"Adverse events from spaceflight medications","StructureDefinition/space-adverse-event","Internal"
https://awatson1978.github.io/aerospace-medicine-ig/ValueSet/space-anemia-vs,0.7.0,active,,SpaceAnemiaVS,Space Anemia Value Set,"Spaceflight anemia assessment parameters",,"Internal"
https://awatson1978.github.io/aerospace-medicine-ig/ValueSet/space-blood-product-vs,0.7.0,active,,SpaceBloodProductVS,Space Blood Product Value Set,"Blood products for spaceflight use","StructureDefinition/space-blood-product","Internal"
https://awatson1978.github.io/aerospace-medicine-ig/ValueSet/space-emergency-type-vs,0.7.0,active,,SpaceEmergencyTypeVS,Space Emergency Type Value Set,"Types of spaceflight emergency situations","StructureDefinition/space-emergency-condition,StructureDefinition/emergency-risk-assessment","Internal"
https://awatson1978.github.io/aerospace-medicine-ig/ValueSet/space-exercise-modality-vs,0.7.0,active,,SpaceExerciseModalityVS,Space Exercise Modality Value Set,"Permitted space exercise modalities, derived from the Space Exercise Modality Code System.",,"Internal"
https://awatson1978.github.io/aerospace-medicine-ig/ValueSet/space-motion-sickness-vs,0.7.0,active,,SpaceMotionSicknessVS,Space Motion Sickness Value Set,"Types of motion sickness in spaceflight","StructureDefinition/space-motion-sickness-condition","SCT,Internal"
https://awatson1978.github.io/aerospace-medicine-ig/ValueSet/space-nutrition-type-vs,0.7.0,active,,SpaceNutritionTypeVS,Space Nutrition Types,"Types of nutritional products available in space missions","StructureDefinition/space-nutrition-product","Internal"
https://awatson1978.github.io/aerospace-medicine-ig/ValueSet/space-omics-type-vs,0.7.0,active,,SpaceOmicsTypeVS,Space Omics Type Value Set,"Multi-omics analysis types","StructureDefinition/multi-omics-observation","Internal"
https://awatson1978.github.io/aerospace-medicine-ig/ValueSet/space-performance-metric-vs,0.7.0,active,,SpacePerformanceMetricVS,Space Exercise Performance Metrics,"Performance metrics for space exercise (defined in SpacePerformanceMetricCS)","StructureDefinition/space-exercise-activity-measure","Internal"
https://awatson1978.github.io/aerospace-medicine-ig/ValueSet/space-pocus-type-vs,0.7.0,active,,SpacePOCUSTypeVS,Space POCUS Type Value Set,"POCUS examination types","StructureDefinition/space-pocus","Internal"
https://awatson1978.github.io/aerospace-medicine-ig/ValueSet/space-radiation-dose-codes-vs,0.7.0,active,,SpaceRadiationDoseCodesVS,Space Radiation Dose Measurement Codes,"Codes for radiation dose measurements in space environments: LOINC total-dose and dose-rate codes plus source-specific dose codes from the Space Radiation Code System.","StructureDefinition/cumulative-radiation-dose,StructureDefinition/space-radiation-exposure","Internal,LOINC"
https://awatson1978.github.io/aerospace-medicine-ig/ValueSet/space-radiation-type-vs,0.7.0,active,,SpaceRadiationTypeVS,Space Radiation Types,"Types of radiation encountered in space","StructureDefinition/radiation-type,StructureDefinition/artemis-radiation-exposure","Internal"
https://awatson1978.github.io/aerospace-medicine-ig/ValueSet/space-specimen-type-vs,0.7.0,active,,SpaceSpecimenTypeVS,Space Specimen Type Value Set,"Specimen types collected during spaceflight","StructureDefinition/spaceflight-specimen,StructureDefinition/space-specimen-collection","SCT,Internal"
https://awatson1978.github.io/aerospace-medicine-ig/ValueSet/space-surgical-procedure-vs,0.7.0,active,,SpaceSurgicalProcedureVS,Space Surgical Procedure Value Set,"Surgical procedures for spaceflight","StructureDefinition/space-surgical-procedure","Internal"
https://awatson1978.github.io/aerospace-medicine-ig/ValueSet/space-transfusion-procedure-vs,0.7.0,active,,SpaceTransfusionProcedureVS,Space Transfusion Procedure Value Set,"Transfusion procedures for spaceflight","StructureDefinition/space-transfusion-procedure","Internal"
https://awatson1978.github.io/aerospace-medicine-ig/ValueSet/sterilization-method-vs,0.7.0,active,,SterilizationMethodVS,Sterilization Method Value Set,"Sterilization methods for planetary protection","StructureDefinition/sterilization-procedure","Internal"
https://awatson1978.github.io/aerospace-medicine-ig/ValueSet/stress-countermeasures-vs,0.7.0,active,,StressCountermeasuresVS,Stress Countermeasures Value Set,"Standardized set of psychological countermeasures used to mitigate stress and support mental health.","StructureDefinition/psychological-countermeasure-activity","Internal"
https://awatson1978.github.io/aerospace-medicine-ig/ValueSet/suit-provisioning-status-vs,0.7.0,active,,SuitProvisioningStatusVS,Suit Provisioning Status Value Set,"Suit provisioning and logistics status","StructureDefinition/suit-redundancy-assessment","Internal"
https://awatson1978.github.io/aerospace-medicine-ig/ValueSet/telemedicine-equipment-vs,0.7.0,active,,TelemedicineEquipmentVS,Telemedicine Equipment Value Set,"Telemedicine equipment types","StructureDefinition/telemedicine-device","Internal"
https://awatson1978.github.io/aerospace-medicine-ig/ValueSet/telemedicine-modality-vs,0.7.0,active,,TelemedicineModalityVS,Telemedicine Modality Value Set,"Telemedicine modalities","StructureDefinition/telemedicine-consult-request,StructureDefinition/telemedicine-communication,StructureDefinition/telemedicine-encounter","Internal"
https://awatson1978.github.io/aerospace-medicine-ig/ValueSet/temperature-measurement-method-vs,0.7.0,active,,TemperatureMeasurementMethodVS,Temperature Measurement Method Value Set,"Methods of body temperature measurement","StructureDefinition/space-body-temperature","Internal"
https://awatson1978.github.io/aerospace-medicine-ig/ValueSet/underwater-communication-systems-vs,0.7.0,active,,UnderwaterCommunicationSystems,Underwater Communication Systems,"Communication systems used in underwater training operations","StructureDefinition/underwater-communication-system","Internal"
https://awatson1978.github.io/aerospace-medicine-ig/ValueSet/underwater-training-procedures-vs,0.7.0,active,,UnderwaterTrainingProcedures,Underwater Training Procedures,"Procedures and activities conducted during underwater training","StructureDefinition/underwater-emergency-response","SCT,Internal"
https://awatson1978.github.io/aerospace-medicine-ig/ValueSet/water-volume-units-vs,0.7.0,active,,WaterVolumeUnitsVS,Water Volume Units,"Units for measuring water volume","StructureDefinition/rehydration-requirement,StructureDefinition/hydration-status-observation","UCUM"
